Object_ID,Observation,GPS,Waypoint,Latitude,Longitude,Date,Team_Members,Camera_Phone,Phicture_ID,Cover_Class,Incline,Average_Slope,Common_Name ,Family,Genus_Species,Number,Total_Vascular_No_Grasses,Number_Unique,Abstract_Notes,Notebook_ID,
1,"MJV14-17-BIO-VT-10,-3-1A",1,974,35.231777,-115.79363,,Lauren Yang/Pam Lim,Lauren Yang,999-9005,Gravel,,,White Bursage,Asteraceae,Ambrosia dumosa,1,TNTC,5,White bursage,,
2,"MJV14-17-BIO-VT-10,-3-1A",1,974,35.231777,-115.79363,,Lauren Yang/Pam Lim,Lauren Yang,999-9005,Gravel,,,Red Brome,Poaceae,Bromus madritensis ssp. rubens,TNTC,TNTC,5,Red Brome,,
3,"MJV14-17-BIO-VT-10,-3-1A",1,974,35.231777,-115.79363,,Lauren Yang/Pam Lim,Lauren Yang,999-9005,Gravel,,,Pencil Cholla,Cactaceae,Cylindropuntia ramosissima,1,TNTC,5,Pencil cholla,,
4,"MJV14-17-BIO-VT-10,-3-1A",1,974,35.231777,-115.79363,,Lauren Yang/Pam Lim,Lauren Yang,999-9005,Gravel,,,Mormon Tea ,Ephedraceae,Ephedra viridis,1,TNTC,5,Mormon tea,,
5,"MJV14-17-BIO-VT-10,-3-1A",1,974,35.231777,-115.79363,,Lauren Yang/Pam Lim,Lauren Yang,999-9005,Gravel,,,Desert Trumpet,Polygonaceae,Eriogonum inflatum,1,TNTC,5,Desert trumpet,,
6,"MJV14-17-BIO-VT-10,-3-1B",1,975,35.231774,-115.79363,,Lauren Yang/Pam Lim,Lauren Yang,999-9006,Sand,,,Red Brome,Poaceae,Bromus madritensis ssp. rubens,TNTC,TNTC,3,Red Brome,,
7,"MJV14-17-BIO-VT-10,-3-1B",1,975,35.231774,-115.79363,,Lauren Yang/Pam Lim,Lauren Yang,999-9006,Sand,,,Buckhorn Cholla,Cactaceae,Cylindropuntia acanthocarpa,1,TNTC,3,Buckhorn cholla,,
8,"MJV14-17-BIO-VT-10,-3-1B",1,975,35.231774,-115.79363,,Lauren Yang/Pam Lim,Lauren Yang,999-9006,Sand,,,Anderson Thornbush,Solanaceae,Lycium andersonii,3,TNTC,3,Anderson thornbush,,
9,"MJV14-17-BIO-VT-10,-3-1C",1,976,35.231832,-115.793838,,Lauren Yang/Pam Lim,Lauren Yang,999-9007,Gravel,,,Low Woollygrass,Poaceae,Dasyochloa pulchella,1,TNTC,4,Low woollygrass,,
10,"MJV14-17-BIO-VT-10,-3-1C",1,976,35.231832,-115.793838,,Lauren Yang/Pam Lim,Lauren Yang,999-9007,Gravel,,,Mormon Tea ,Ephedraceae,Ephedra viridis,1,TNTC,4,Mormon tea,,
11,"MJV14-17-BIO-VT-10,-3-1C",1,976,35.231832,-115.793838,,Lauren Yang/Pam Lim,Lauren Yang,999-9008,Gravel,,,California Buckwheat ,Polygonaceae,Eriogonum fasciculatum,1,TNTC,4,California buckwheat,,
12,"MJV14-17-BIO-VT-10,-3-1C",1,976,35.231832,-115.793838,,Lauren Yang/Pam Lim,Lauren Yang,999-9007,Gravel,,,Mojave Yucca,Agavaceae,Yucca schidigera,3,TNTC,4,Mojave yucca,12,
13,"MJV14-17-BIO-VT-10,-3-1D",1,977,35.231783,-115.793979,,Lauren Yang/Pam Lim,Lauren Yang,999-9011,Live plant,,,Mojave Rabbitbush,Asteraceae,Ericameria paniculata,1,5,4,Mojave rabbitbush,,
14,"MJV14-17-BIO-VT-10,-3-1D",1,977,35.231783,-115.793979,,Lauren Yang/Pam Lim,Lauren Yang,999-9009,Live plant,,,California Buckwheat ,Polygonaceae,Eriogonum fasciculatum,1,5,4,California buckwheat,,
15,"MJV14-17-BIO-VT-10,-3-1D",1,977,35.231783,-115.793979,,Lauren Yang/Pam Lim,Lauren Yang,999-9009,Live plant,,,Anderson Thornbush,Solanaceae,Lycium andersonii,2,5,4,Anderson thornbush,,
16,"MJV14-17-BIO-VT-10,-3-1D",1,977,35.231783,-115.793979,,Lauren Yang/Pam Lim,Lauren Yang,999-9009,Live plant,,,Mojave Yucca,Agavaceae,Yucca schidigera,1,5,4,Mojave yucca,12,
17,"MJV14-17-BIO-VT-10,-3-1E",1,978,35.231793,-115.794085,,Lauren Yang/Pam Lim,Lauren Yang,999-9012,Granite,,,Mormon Tea ,Ephedraceae,Ephedra viridis,1,2,2,Mormon tea,,
18,"MJV14-17-BIO-VT-10,-3-1E",1,978,35.231793,-115.794085,,Lauren Yang/Pam Lim,Lauren Yang,999-9012,Granite,,,Creosote Bush,Zygophyllaceae,Larrea tridentada,1,2,2,Creosote bush,,
19,"MJV14-17-BIO-VT-10,-3-1E",1,979,35.231807,-115.794245,,Lauren Yang/Pam Lim,Lauren Yang,999-9012,Granite,,,Yellow-green lichen,Null,Null,1,2,2,Lichen,12,
20,"MJV14-17-BIO-VT-10,-3-1F",1,979,35.231807,-115.794245,,Lauren Yang/Pam Lim,Lauren Yang,999-9018,Gravel,,,Mojave Rabbitbush,Asteraceae,Ericameria paniculata,1,2,2,Mojave rabbitbush,,
21,"MJV14-17-BIO-VT-10,-3-1F",1,979,35.231807,-115.794245,,Lauren Yang/Pam Lim,Lauren Yang,999-9015,Gravel,,,Anderson Thornbush,Solanaceae,Lycium andersonii,1,2,2,Anderson thornbush,,
22,"MJV14-17-BIO-VT-10,-3-1G",1,980,35.23179,-115.794359,,Lauren Yang/Pam Lim,Lauren Yang,999-9021,Gravel,,,Mulefat,Asteraceae,Baccharis salicina,1,5,5,Mulefat,,
23,"MJV14-17-BIO-VT-10,-3-1G",1,980,35.23179,-115.794359,,Lauren Yang/Pam Lim,Lauren Yang,999-9020,Gravel,,,Mormon Tea ,Ephedraceae,Ephedra viridis,1,5,5,Mormon tea,,
24,"MJV14-17-BIO-VT-10,-3-1G",1,980,35.23179,-115.794359,,Lauren Yang/Pam Lim,Lauren Yang,999-9020,Gravel,,,Mojave Rabbitbush,Asteraceae,Ericameria paniculata,1,5,5,Mojave rabbitbush,,
25,"MJV14-17-BIO-VT-10,-3-1G",1,980,35.23179,-115.794359,,Lauren Yang/Pam Lim,Lauren Yang,999-9020,Gravel,,,California Buckwheat ,Polygonaceae,Eriogonum fasciculatum,1,5,5,California buckwheat,,
26,"MJV14-17-BIO-VT-10,-3-1G",1,980,35.23179,-115.794359,,Lauren Yang/Pam Lim,Lauren Yang,999-9020,Gravel,,,Creosote Bush,Zygophyllaceae,Larrea tridentada,1,5,5,Creosote bush,,
27,"MJV14-17-BIO-VT-10,-3-1H",1,981,35.231811,-115.79446,,,Lauren Yang,999-9022,Live plant,,,Mormon Tea ,Ephedraceae,Ephedra viridis,1,TNTC,4,Mormon tea,,
28,"MJV14-17-BIO-VT-10,-3-1H",1,981,35.231811,-115.79446,,Lauren Yang/Pam Lim,Lauren Yang,999-9022,Live plant,,,Fuzzy tops,Null,Null,TNTC,TNTC,4,Fuzzy top grass,,
29,"MJV14-17-BIO-VT-10,-3-1H",1,981,35.231811,-115.79446,,Lauren Yang/Pam Lim,Lauren Yang,999-9022,Live plant,,,Anderson Thornbush,Solanaceae,Lycium andersonii,1,TNTC,4,Anderson thornbush,,
30,"MJV14-17-BIO-VT-10,-3-1H",1,981,35.231811,-115.79446,,,Lauren Yang,999-9022,Live plant,,,Wheat top grass,Poaceae,Null,TNTC,TNTC,4,Wheat top grass,,
31,"MJV14-17-BIO-VT-10,-3-1I",1,982,35.23183,-115.79458,,,Lauren Yang,999-9026,Dead plant,,,Mormon Tea ,Ephedraceae,Ephedra viridis,2,9,3,Mormon tea,,
32,"MJV14-17-BIO-VT-10,-3-1I",1,982,35.23183,-115.79458,,,Lauren Yang,999-9026,Dead plant,,,Mojave Yucca,Agavaceae,Yucca schidigera,1,9,3,Mojave yucca,12,
33,"MJV14-17-BIO-VT-10,-3-1I",1,982,35.23183,-115.79458,,,Lauren Yang,999-9026,Dead plant,,,Mojave Yucca,Agavaceae,Yucca schidigera,6,9,3,Mojave yucca,12,
34,"MJV14-17-BIO-VT-10,-3-1J",1,983,35.231807,-115.794631,,,Lauren Yang,999-9028,Gravel,,,Red Brome,Poaceae,Bromus madritensis ssp. rubens,TNTC,TNTC,5,Red Brome,,
35,"MJV14-17-BIO-VT-10,-3-1J",1,983,35.231807,-115.794631,,,Lauren Yang,999-9028,Gravel,,,Hedgehog Cactus,Cactaceae,Echinocereus engelmannii,1,TNTC,5,Hedgehog cactus,,
36,"MJV14-17-BIO-VT-10,-3-1J",1,983,35.231807,-115.794631,,,Lauren Yang,999-9028,Gravel,,,Mormon Tea ,Ephedraceae,Ephedra viridis,1,TNTC,5,Mormon tea,,
37,"MJV14-17-BIO-VT-10,-3-1J",1,983,35.231807,-115.794631,,,Lauren Yang,999-9028,Gravel,,,California Buckwheat ,Polygonaceae,Eriogonum fasciculatum,1,TNTC,5,California buckwheat,,
38,"MJV14-17-BIO-VT-10,-3-1J",1,983,35.231807,-115.794631,,,Lauren Yang,999-9028,Gravel,,,Wheat top grass,Poaceae,Null,1,TNTC,5,Wheat top grass,,
39,"MJV14-17-BIO-VT-10,-3-2A",1,984,35.231882,-115.794645,,,Lauren Yang,999-9032,Gravel,,,Mormon Tea ,Ephedraceae,Ephedra viridis,1,TNTC,2,Mormon tea,,
40,"MJV14-17-BIO-VT-10,-3-2A",1,984,35.231882,-115.794645,,,Lauren Yang,999-9036,Gravel,,,Spiky top,Null,Null,TNTC,TNTC,2,Spiky top unknown,,
41,"MJV14-17-BIO-VT-10,-3-2B",1,985,35.231843,-115.794562,,,Lauren Yang,999-9037,Gravel,,,Mormon Tea ,Ephedraceae,Ephedra viridis,1,TNTC,4,Mormon tea,,
42,"MJV14-17-BIO-VT-10,-3-2B",1,985,35.231843,-115.794562,,,Lauren Yang,999-9037,Gravel,,,Creosote Bush,Zygophyllaceae,Larrea tridentada,1,TNTC,4,Creosote bush,,
43,"MJV14-17-BIO-VT-10,-3-2B",1,985,35.231843,-115.794562,,,Lauren Yang,999-9037,Gravel,,,Anderson Thornbush,Solanaceae,Lycium andersonii,1,TNTC,4,Anderson thornbush,,
44,"MJV14-17-BIO-VT-10,-3-2B",1,985,35.231843,-115.794562,,,Lauren Yang,999-9037,Gravel,,,Wheat top grass,Poaceae,Null,TNTC,TNTC,4,Wheat top grass,,
45,"MJV14-17-BIO-VT-10,-3-2C",1,986,35.231888,-115.794421,,,Lauren Yang,999-9038,Gravel,,,Red Brome,Poaceae,Bromus madritensis ssp. rubens,TNTC,TNTC,2,Red Brome,,
46,"MJV14-17-BIO-VT-10,-3-2C",1,986,35.231888,-115.794421,,,Lauren Yang,999-9038,Gravel,,,Creosote Bush,Zygophyllaceae,Larrea tridentada,1,TNTC,2,Creosote bush,,
47,"MJV14-17-BIO-VT-10,-3-2D",1,988,35.231849,-115.794288,,,Lauren Yang,999-9039,Live plant,,,Mormon Tea ,Ephedraceae,Ephedra viridis,1,4,4,Mormon tea,,
48,"MJV14-17-BIO-VT-10,-3-2D",1,988,35.231849,-115.794288,,,Lauren Yang,999-9039,Live plant,,,Barrel Cactus,Cactaceae,Ferocactus cylindraceus,1,4,4,Barrel cactus,,
49,"MJV14-17-BIO-VT-10,-3-2D",1,988,35.231849,-115.794288,,,Lauren Yang,999-9039,Live plant,,,Creosote Bush,Zygophyllaceae,Larrea tridentada,1,4,4,Creosote bush,,
50,"MJV14-17-BIO-VT-10,-3-2D",1,988,35.231849,-115.794288,,,Lauren Yang,999-9039,Live plant,,,Mojave Yucca,Agavaceae,Yucca schidigera,1,4,4,Mojave yucca,12,
51,"MJV14-17-BIO-VT-10,-3-2E",1,989,35.231849,-115.794288,,,Lauren Yang,999-9040,Live plant,,,White Bursage,Asteraceae,Ambrosia dumosa,1,TNTC,4,White bursage,,
52,"MJV14-17-BIO-VT-10,-3-2E",1,989,35.231849,-115.794288,,,Lauren Yang,999-9040,Live plant,,,Red Brome,Poaceae,Bromus madritensis ssp. rubens,TNTC,TNTC,4,Red Brome,,
53,"MJV14-17-BIO-VT-10,-3-2E",1,989,35.231849,-115.794288,,,Lauren Yang,999-9040,Live plant,,,Mormon Tea ,Ephedraceae,Ephedra viridis,1,TNTC,4,Mormon tea,,
54,"MJV14-17-BIO-VT-10,-3-2E",1,989,35.231849,-115.794288,,,Lauren Yang,999-9040,Live plant,,,Mojave Yucca,Agavaceae,Yucca schidigera,3,TNTC,4,Mojave yucca,12,
55,"MJV14-17-BIO-VT-10,-3-2F",1,993,35.231876,-115.794006,,,Lauren Yang,999-9041,Dead plant,,,Buckhorn Cholla,Cactaceae,Cylindropuntia acanthocarpa,1,TNTC,3,Buckhorn cholla,,
56,"MJV14-17-BIO-VT-10,-3-2F",1,993,35.231876,-115.794006,,,Lauren Yang,999-9041,Dead plant,,,Mormon Tea ,Ephedraceae,Ephedra viridis,1,TNTC,3,Mormon tea,,
57,"MJV14-17-BIO-VT-10,-3-2F",1,993,35.231876,-115.794006,,,Lauren Yang,999-9041,Dead plant,,,Spiky top,Null,Null,TNTC,TNTC,3,Spiky top unknown,,
58,"MJV14-17-BIO-VT-10,-3-2G",1,994,35.231857,-115.793867,,,Lauren Yang,999-9042,Gravel,,,Red Brome,Poaceae,Bromus madritensis ssp. rubens,TNTC,TNTC,3,Red Brome,,
59,"MJV14-17-BIO-VT-10,-3-2G",1,994,35.231857,-115.793867,,,Lauren Yang,999-9042,Gravel,,,California Buckwheat ,Polygonaceae,Eriogonum fasciculatum,1,TNTC,3,California buckwheat,,
60,"MJV14-17-BIO-VT-10,-3-2G",1,994,35.231857,-115.793867,,,Lauren Yang,999-9042,Gravel,,,Creosote Bush,Zygophyllaceae,Larrea tridentada,1,TNTC,3,Creosote bush,,
61,"MJV14-17-BIO-VT-10,-3-2H",1,995,35.231876,-115.793743,,,Lauren Yang,999-9043,Gravel,,,Red Brome,Poaceae,Bromus madritensis ssp. rubens,TNTC,TNTC,2,Red Brome,,
62,"MJV14-17-BIO-VT-10,-3-2H",1,995,35.231876,-115.793743,,,Lauren Yang,999-9043,Gravel,,,Mormon Tea ,Ephedraceae,Ephedra viridis,2,TNTC,2,Mormon tea,,
63,"MJV14-17-BIO-VT-10,-3-2I",1,996,35.231878,-115.794204,,,Lauren Yang,999-9045,Granite,,,Red Brome,Poaceae,Bromus madritensis ssp. rubens,TNTC,TNTC,3,Red Brome,,
64,"MJV14-17-BIO-VT-10,-3-2I",1,996,35.231878,-115.794204,,,Lauren Yang,999-9045,Granite,,,Desert Trumpet,Polygonaceae,Eriogonum inflatum,1,TNTC,3,Desert trumpet,,
65,"MJV14-17-BIO-VT-10,-3-2I",1,996,35.231878,-115.794204,,,Lauren Yang,999-9045,Granite,,,Wheat top grass,Poaceae,Null,TNTC,TNTC,3,Wheat top grass,,
66,"MJV14-17-BIO-VT-10,-3-2J",1,997,35.231882,-115.793606,,,Lauren Yang,999-9044,Gravel,,,Red Brome,Poaceae,Bromus madritensis ssp. rubens,TNTC,TNTC,3,Red Brome,,
67,"MJV14-17-BIO-VT-10,-3-2J",1,997,35.231882,-115.793606,,,Lauren Yang,999-9044,Gravel,,,Low Woollygrass,Poaceae,Dasyochloa pulchella,2,TNTC,3,Low woollygrass,,
68,"MJV14-17-BIO-VT-10,-3-2J",1,997,35.231882,-115.793606,,,Lauren Yang,999-9044,Gravel,,,Creosote Bush,Zygophyllaceae,Larrea tridentada,1,TNTC,3,Creosote bush,,
69,"MJV14-17-BIO-VT-10,-3-3A",1,998,35.231998,-115.793594,,,Lauren Yang,999-9048,Gravel,,,Red Brome,Poaceae,Bromus madritensis ssp. rubens,TNTC,TNTC,4,Red Brome,,
70,"MJV14-17-BIO-VT-10,-3-3A",1,998,35.231998,-115.793594,,,Lauren Yang,999-9048,Gravel,,,Mormon Tea ,Ephedraceae,Ephedra viridis,1,TNTC,4,Mormon tea,,
71,"MJV14-17-BIO-VT-10,-3-3A",1,998,35.231998,-115.793594,,,Lauren Yang,999-9048,Gravel,,,Desert Trumpet,Polygonaceae,Eriogonum inflatum,1,TNTC,4,Desert trumpet,,
72,"MJV14-17-BIO-VT-10,-3-3A",1,998,35.231998,-115.793594,,,Lauren Yang,999-9048,Gravel,,,Wheat top grass,Poaceae,Null,TNTC,TNTC,4,Wheat top grass,,
73,"MJV14-17-BIO-VT-10,-3-3B",1,999,35.231957,-115.793747,,,Lauren Yang,999-9051,Gravel,,,Red Brome,Poaceae,Bromus madritensis ssp. rubens,TNTC,TNTC,3,Red Brome,,
74,"MJV14-17-BIO-VT-10,-3-3B",1,999,35.231957,-115.793747,,,Lauren Yang,999-9051,Gravel,,,Low Woollygrass,Poaceae,Dasyochloa pulchella,TNTC,TNTC,3,Low woollygrass,,
75,"MJV14-17-BIO-VT-10,-3-3B",1,999,35.231957,-115.793747,,,Lauren Yang,999-9051,Gravel,,,California Buckwheat ,Polygonaceae,Eriogonum fasciculatum,1,TNTC,3,California buckwheat,,
76,"MJV14-17-BIO-VT-10,-3-3C",1,16,35.231957,-115.79388,,,Lauren Yang,999-9074,Granite,,,Red Brome,Poaceae,Bromus madritensis ssp. rubens,TNTC,TNTC,3,Red Brome,,
77,"MJV14-17-BIO-VT-10,-3-3C",1,16,35.231957,-115.79388,,,Lauren Yang,999-9074,Granite,,,Wheat top grass,Poaceae,Null,TNTC,TNTC,3,Wheat top grass,,
78,"MJV14-17-BIO-VT-10,-3-3C",1,16,35.231957,-115.79388,,,Lauren Yang,999-9074,Granite,,,Mojave Yucca,Agavaceae,Yucca schidigera,6,TNTC,3,Mojave yucca,12,
79,"MJV14-17-BIO-VT-10,-3-3D",1,15,35.231969,-115.794027,,,Lauren Yang,999-9074,Live plant,,,Red Brome,Poaceae,Bromus madritensis ssp. rubens,TNTC,TNTC,4,Red Brome,,
80,"MJV14-17-BIO-VT-10,-3-3D",1,15,35.231969,-115.794027,,,Lauren Yang,999-9074,Live plant,,,Low Woollygrass,Poaceae,Dasyochloa pulchella,3,TNTC,4,Low woollygrass,,
81,"MJV14-17-BIO-VT-10,-3-3D",1,15,35.231969,-115.794027,,,Lauren Yang,999-9074,Live plant,,,Mormon Tea ,Ephedraceae,Ephedra viridis,10,TNTC,4,Mormon tea,,
82,"MJV14-17-BIO-VT-10,-3-3D",1,15,35.231969,-115.794027,,,Lauren Yang,999-9074,Live plant,,,Barrel Cactus,Cactaceae,Ferocactus cylindraceus,1,TNTC,4,Barrel cactus,,
83,"MJV14-17-BIO-VT-10,-3-3E",1,14,35.231985,-115.794073,,,Lauren Yang,999-9073,Live plant,,,White Bursage,Asteraceae,Ambrosia dumosa,3,6,4,White bursage,,
84,"MJV14-17-BIO-VT-10,-3-3E",1,14,35.231985,-115.794073,,,Lauren Yang,999-9073,Live plant,,,Red Brome,Poaceae,Bromus madritensis ssp. rubens,1,6,4,Red Brome,,
85,"MJV14-17-BIO-VT-10,-3-3E",1,14,35.231985,-115.794073,,,Lauren Yang,999-9073,Live plant,,,Pencil Cholla,Cactaceae,Cylindropuntia ramosissima,1,6,4,Pencil cholla,,
86,"MJV14-17-BIO-VT-10,-3-3E",1,14,35.231985,-115.794073,,,Lauren Yang,999-9073,Live plant,,,Mormon Tea ,Ephedraceae,Ephedra viridis,1,6,4,Mormon tea,,
87,"MJV14-17-BIO-VT-10,-3-3F",1,13,35.23198,-115.794192,,,Lauren Yang,999-9072,Gravel,,,White Bursage,Asteraceae,Ambrosia dumosa,1,TNTC,3,White bursage,,
88,"MJV14-17-BIO-VT-10,-3-3F",1,13,35.23198,-115.794192,,,Lauren Yang,999-9072,Gravel,,,Red Brome,Poaceae,Bromus madritensis ssp. rubens,TNTC,TNTC,3,Red Brome,,
89,"MJV14-17-BIO-VT-10,-3-3F",1,13,35.23198,-115.794192,,,Lauren Yang,999-9072,Gravel,,,Creosote Bush,Zygophyllaceae,Larrea tridentada,1,TNTC,3,Creosote bush,,
90,"MJV14-17-BIO-VT-10,-3-3G",1,12,35.231984,-115.794259,,,Lauren Yang,999-9070,Gravel,,,Red Brome,Poaceae,Bromus madritensis ssp. rubens,TNTC,TNTC,4,Red Brome,,
91,"MJV14-17-BIO-VT-10,-3-3G",1,12,35.231984,-115.794259,,,Lauren Yang,999-9070,Gravel,,,California Buckwheat ,Polygonaceae,Eriogonum fasciculatum,1,TNTC,4,California buckwheat,,
92,"MJV14-17-BIO-VT-10,-3-3G",1,12,35.231984,-115.794259,,,Lauren Yang,999-9070,Gravel,,,Anderson Thornbush,Solanaceae,Lycium andersonii,1,TNTC,4,Anderson thornbush,,
93,"MJV14-17-BIO-VT-10,-3-3G",1,12,35.231984,-115.794259,,,Lauren Yang,999-9070,Gravel,,,Wheat top grass,Poaceae,Null,TNTC,TNTC,4,Wheat top grass,,
94,"MJV14-17-BIO-VT-10,-3-3H",1,11,35.23198,-115.794417,,,Lauren Yang,999-9069,Gravel,,,Red Brome,Poaceae,Bromus madritensis ssp. rubens,TNTC,TNTC,3,Red Brome,,
95,"MJV14-17-BIO-VT-10,-3-3H",1,11,35.23198,-115.794417,,,Lauren Yang,999-9069,Gravel,,,Low Woollygrass,Poaceae,Dasyochloa pulchella,1,TNTC,3,Low woollygrass,,
96,"MJV14-17-BIO-VT-10,-3-3H",1,11,35.23198,-115.794417,,,Lauren Yang,999-9069,Gravel,,,Creosote Bush,Zygophyllaceae,Larrea tridentada,1,TNTC,3,Creosote bush,,
97,"MJV14-17-BIO-VT-10,-3-3I",1,6,35.231971,-115.794542,,,Lauren Yang,999-9065,Gravel,,,Mojave Yucca,Agavaceae,Yucca schidigera,8,8,1,Mojave yucca,12,
98,"MJV14-17-BIO-VT-10,-3-3J",1,7,35.231959,-115.794649,,,Lauren Yang,999-9066,Granite,,,White Bursage,Asteraceae,Ambrosia dumosa,1,TNTC,2,White bursage,,
99,"MJV14-17-BIO-VT-10,-3-3J",1,7,35.231959,-115.794649,,,Lauren Yang,999-9066,Granite,,,Wheat top grass,Poaceae,Null,TNTC,TNTC,2,Wheat top grass,,
100,"MJV14-17-BIO-VT-10,-3-4A",1,8,35.232051,-115.794649,,,Lauren Yang,999-9067,Live plant,,,Red Brome,Poaceae,Bromus madritensis ssp. rubens,TNTC,TNTC,4,Red Brome,,
101,"MJV14-17-BIO-VT-10,-3-4A",1,8,35.232051,-115.794649,,,Lauren Yang,999-9067,Live plant,,,Mormon Tea ,Ephedraceae,Ephedra viridis,1,TNTC,4,Mormon tea,,
102,"MJV14-17-BIO-VT-10,-3-4A",1,8,35.232051,-115.794649,,,Lauren Yang,999-9067,Live plant,,,Wheat top grass,Poaceae,Null,TNTC,TNTC,4,Wheat top grass,,
103,"MJV14-17-BIO-VT-10,-3-4A",1,8,35.232051,-115.794649,,,Lauren Yang,999-9067,Live plant,,,Mojave Yucca,Agavaceae,Yucca schidigera,4,TNTC,4,Mojave yucca,12,
104,"MJV14-17-BIO-VT-10,-3-4B",1,10,35.23206,-115.794528,,,Lauren Yang,999-9068,Live plant,,,Red Brome,Poaceae,Bromus madritensis ssp. rubens,TNTC,TNTC,5,Red Brome,,
105,"MJV14-17-BIO-VT-10,-3-4B",1,10,35.23206,-115.794528,,,Lauren Yang,999-9068,Live plant,,,California Buckwheat ,Polygonaceae,Eriogonum fasciculatum,1,TNTC,5,California buckwheat,,
106,"MJV14-17-BIO-VT-10,-3-4B",1,10,35.23206,-115.794528,,,Lauren Yang,999-9068,Live plant,,,Desert Trumpet,Polygonaceae,Eriogonum inflatum,2,TNTC,5,Desert trumpet,,
107,"MJV14-17-BIO-VT-10,-3-4B",1,10,35.23206,-115.794528,,,Lauren Yang,999-9068,Live plant,,,Wheat top grass,Poaceae,Null,TNTC,TNTC,5,Wheat top grass,,
108,"MJV14-17-BIO-VT-10,-3-4B",1,10,35.23206,-115.794528,,,Lauren Yang,999-9068,Live plant,,,Mojave Yucca,Agavaceae,Yucca schidigera,1,TNTC,5,Mojave yucca,12,
109,"MJV14-17-BIO-VT-10,-3-4C",1,5,35.232024,-115.794445,,,Lauren Yang,999-9063,Gravel,,,Red Brome,Poaceae,Bromus madritensis ssp. rubens,TNTC,TNTC,5,Red Brome,,
110,"MJV14-17-BIO-VT-10,-3-4C",1,5,35.232024,-115.794445,,,Lauren Yang,999-9063,Gravel,,,Mormon Tea ,Ephedraceae,Ephedra viridis,2,TNTC,5,Mormon tea,,
111,"MJV14-17-BIO-VT-10,-3-4C",1,5,35.232024,-115.794445,,,Lauren Yang,999-9063,Gravel,,,Desert Trumpet,Polygonaceae,Eriogonum inflatum,1,TNTC,5,Desert trumpet,,
112,"MJV14-17-BIO-VT-10,-3-4C",1,5,35.232024,-115.794445,,,Lauren Yang,999-9063,Gravel,,,Creosote Bush,Zygophyllaceae,Larrea tridentada,1,TNTC,5,Creosote bush,,
113,"MJV14-17-BIO-VT-10,-3-4C",1,5,35.232024,-115.794445,,,Lauren Yang,999-9063,Gravel,,,Wheat top grass,Poaceae,Null,TNTC,TNTC,5,Wheat top grass,,
114,"MJV14-17-BIO-VT-10,-3-4D",1,4,35.232079,-115.794285,,,Lauren Yang,999-9062,Live plant,,,Red Brome,Poaceae,Bromus madritensis ssp. rubens,TNTC,TNTC,4,Red Brome,,
115,"MJV14-17-BIO-VT-10,-3-4D",1,4,35.232079,-115.794285,,,Lauren Yang,999-9062,Live plant,,,Buckhorn Cholla,Cactaceae,Cylindropuntia acanthocarpa,1,TNTC,4,Buckhorn cholla,,
116,"MJV14-17-BIO-VT-10,-3-4D",1,4,35.232079,-115.794285,,,Lauren Yang,999-9062,Live plant,,,Anderson Thornbush,Solanaceae,Lycium andersonii,1,TNTC,4,Anderson thornbush,,
117,"MJV14-17-BIO-VT-10,-3-4D",1,4,35.232079,-115.794285,,,Lauren Yang,999-9062,Live plant,,,Wheat top grass,Poaceae,Null,TNTC,TNTC,4,Wheat top grass,,
118,"MJV14-17-BIO-VT-10,-3-4E",1,3,35.232064,-115.794262,,,Lauren Yang,999-9061,Gravel,,,Red Brome,Poaceae,Bromus madritensis ssp. rubens,TNTC,TNTC,5,Red Brome,,
119,"MJV14-17-BIO-VT-10,-3-4E",1,3,35.232064,-115.794262,,,Lauren Yang,999-9061,Gravel,,,California Cholla,Cactaceae,Cylindropuntia californica,1,TNTC,5,California cholla,,
120,"MJV14-17-BIO-VT-10,-3-4E",1,3,35.232064,-115.794262,,,Lauren Yang,999-9061,Gravel,,,Low Woollygrass,Poaceae,Dasyochloa pulchella,1,TNTC,5,Low woollygrass,,
121,"MJV14-17-BIO-VT-10,-3-4E",1,3,35.232064,-115.794262,,,Lauren Yang,999-9061,Gravel,,,Mormon Tea ,Ephedraceae,Ephedra viridis,1,TNTC,5,Mormon tea,,
122,"MJV14-17-BIO-VT-10,-3-4E",1,3,35.232064,-115.794262,,,Lauren Yang,999-9061,Gravel,,,Wheat top grass,Poaceae,Null,TNTC,TNTC,5,Wheat top grass,,
123,"MJV14-17-BIO-VT-10,-3-4F",1,2,35.232037,-115.794113,,,Lauren Yang,999-9060,Live plant,,,Red Brome,Poaceae,Bromus madritensis ssp. rubens,TNTC,TNTC,4,Red Brome,,
124,"MJV14-17-BIO-VT-10,-3-4F",1,2,35.232037,-115.794113,,,Lauren Yang,999-9060,Live plant,,,Creosote Bush,Zygophyllaceae,Larrea tridentada,1,TNTC,4,Creosote bush,,
125,"MJV14-17-BIO-VT-10,-3-4F",1,2,35.232037,-115.794113,,,Lauren Yang,999-9060,Live plant,,,Beavertail Cactus,Cactaceae,Opuntia basilaris,1,TNTC,4,Beavertail cactus,,
126,"MJV14-17-BIO-VT-10,-3-4F",1,2,35.232037,-115.794113,,,Lauren Yang,999-9060,Live plant,,,Wheat top grass,Poaceae,Null,TNTC,TNTC,4,Wheat top grass,,
127,"MJV14-17-BIO-VT-10,-3-4G",1,1,35.232066,-115.79398,,,Lauren Yang,999-9059,Gravel,,,White Bursage,Asteraceae,Ambrosia dumosa,1,3,3,White bursage,,
128,"MJV14-17-BIO-VT-10,-3-4G",1,1,35.232066,-115.79398,,,Lauren Yang,999-9059,Gravel,,,Buckhorn Cholla,Cactaceae,Cylindropuntia acanthocarpa,1,3,3,Buckhorn cholla,,
129,"MJV14-17-BIO-VT-10,-3-4G",1,1,35.232066,-115.79398,,,Lauren Yang,999-9059,Gravel,,,California Buckwheat ,Polygonaceae,Eriogonum fasciculatum,1,3,3,California buckwheat,,
130,"MJV14-17-BIO-VT-10,-3-4H",1,1000,35.232031,-115.793834,,,Lauren Yang,999-9052,Gravel,,,Mormon Tea ,Ephedraceae,Ephedra viridis,1,TNTC,3,Mormon tea,,
131,"MJV14-17-BIO-VT-10,-3-4H",1,1000,35.232031,-115.793834,,,Lauren Yang,999-9052,Gravel,,,Beavertail Cactus,Cactaceae,Opuntia basilaris,1,TNTC,3,Beavertail cactus,,
132,"MJV14-17-BIO-VT-10,-3-4H",1,1000,35.232031,-115.793834,,,Lauren Yang,999-9052,Gravel,,,Wheat top grass,Poaceae,Null,TNTC,TNTC,3,Wheat top grass,,
133,"MJV14-17-BIO-VT-10,-3-4I",1,17,35.231962,-115.793824,,,Lauren Yang,999-9075,Gravel,,,White Bursage,Asteraceae,Ambrosia dumosa,2,TNTC,5,White bursage,,
134,"MJV14-17-BIO-VT-10,-3-4I",1,17,35.231962,-115.793824,,,Lauren Yang,999-9075,Gravel,,,Red Brome,Poaceae,Bromus madritensis ssp. rubens,TNTC,TNTC,5,Red Brome,,
135,"MJV14-17-BIO-VT-10,-3-4I",1,17,35.231962,-115.793824,,,Lauren Yang,999-9075,Gravel,,,Low Woollygrass,Poaceae,Dasyochloa pulchella,1,TNTC,5,Low woollygrass,,
136,"MJV14-17-BIO-VT-10,-3-4I",1,17,35.231962,-115.793824,,,Lauren Yang,999-9075,Gravel,,,Barrel Cactus,Cactaceae,Ferocactus cylindraceus,2,TNTC,5,Barrel cactus,,
137,"MJV14-17-BIO-VT-10,-3-4I",1,17,35.231962,-115.793824,,,Lauren Yang,999-9075,Gravel,,,Wheat top grass,Poaceae,Null,TNTC,TNTC,5,Wheat top grass,,
138,"MJV14-17-BIO-VT-10,-3-4J",1,18,35.231963,-115.793695,,,Lauren Yang,999-9076,Live plant,,,Mormon Tea ,Ephedraceae,Ephedra viridis,3,TNTC,5,Mormon tea,,
139,"MJV14-17-BIO-VT-10,-3-4J",1,18,35.231963,-115.793695,,,Lauren Yang,999-9076,Live plant,,,California Buckwheat ,Polygonaceae,Eriogonum fasciculatum,1,TNTC,5,California buckwheat,,
140,"MJV14-17-BIO-VT-10,-3-4J",1,18,35.231963,-115.793695,,,Lauren Yang,999-9076,Live plant,,,Spiky top,Null,Null,3,TNTC,5,Spiky top unknown,,
141,"MJV14-17-BIO-VT-10,-3-4J",1,18,35.231963,-115.793695,,,Lauren Yang,999-9076,Live plant,,,Wheat top grass,Poaceae,Null,TNTC,TNTC,5,Wheat top grass,,
142,"MJV14-17-BIO-VT-10,-3-4J",1,18,35.231963,-115.793695,,,Lauren Yang,999-9076,Live plant,,,Mojave Yucca,Agavaceae,Yucca schidigera,1,TNTC,5,Mojave yucca,12,
143,"MJV14-17-BIO-VT-10,-3-5A",1,19,35.232029,-115.793579,,,Lauren Yang,999-9078,Live plant,,,Mormon Tea ,Ephedraceae,Ephedra viridis,1,TNTC,5,Mormon tea,,
144,"MJV14-17-BIO-VT-10,-3-5A",1,19,35.232029,-115.793579,,,Lauren Yang,999-9078,Live plant,,,California Buckwheat ,Polygonaceae,Eriogonum fasciculatum,1,TNTC,5,California buckwheat,,
145,"MJV14-17-BIO-VT-10,-3-5A",1,19,35.232029,-115.793579,,,Lauren Yang,999-9078,Live plant,,,Barrel Cactus,Cactaceae,Ferocactus cylindraceus,3,TNTC,5,Barrel cactus,,
146,"MJV14-17-BIO-VT-10,-3-5A",1,19,35.232029,-115.793579,,,Lauren Yang,999-9078,Live plant,,,Wheat top grass,Poaceae,Null,TNTC,TNTC,5,Wheat top grass,,
147,"MJV14-17-BIO-VT-10,-3-5A",1,19,35.232029,-115.793579,,,Lauren Yang,999-9078,Live plant,,,Mojave Yucca,Agavaceae,Yucca schidigera,6,TNTC,5,Mojave yucca,12,
148,"MJV14-17-BIO-VT-10,-3-5B",1,20,35.232065,-115.793654,,,Lauren Yang,999-9081,Gravel,,,Hedgehog Cactus,Cactaceae,Echinocereus engelmannii,1,TNTC,6,Hedgehog cactus,,
149,"MJV14-17-BIO-VT-10,-3-5B",1,20,35.232065,-115.793654,,,Lauren Yang,999-9081,Gravel,,,Mormon Tea ,Ephedraceae,Ephedra viridis,1,TNTC,6,Mormon tea,,
150,"MJV14-17-BIO-VT-10,-3-5B",1,20,35.232065,-115.793654,,,Lauren Yang,999-9081,Gravel,,,California Buckwheat ,Polygonaceae,Eriogonum fasciculatum,2,TNTC,6,California buckwheat,,
151,"MJV14-17-BIO-VT-10,-3-5B",1,20,35.232065,-115.793654,,,Lauren Yang,999-9081,Gravel,,,Desert Trumpet,Polygonaceae,Eriogonum inflatum,2,TNTC,6,Desert trumpet,,
152,"MJV14-17-BIO-VT-10,-3-5B",1,20,35.232065,-115.793654,,,Lauren Yang,999-9081,Gravel,,,Barrel Cactus,Cactaceae,Ferocactus cylindraceus,2,TNTC,6,Barrel cactus,,
153,"MJV14-17-BIO-VT-10,-3-5B",1,20,35.232065,-115.793654,,,Lauren Yang,999-9081,Gravel,,,Wheat top grass,Poaceae,Null,TNTC,TNTC,6,Wheat top grass,,
154,"MJV14-17-BIO-VT-10,-3-5C",1,21,35.232085,-115.793802,,,Lauren Yang,999-9082,Gravel,,,White Bursage,Asteraceae,Ambrosia dumosa,1,TNTC,4,White bursage,,
155,"MJV14-17-BIO-VT-10,-3-5C",1,21,35.232085,-115.793802,,,Lauren Yang,999-9082,Gravel,,,Red Brome,Poaceae,Bromus madritensis ssp. rubens,TNTC,TNTC,4,Red Brome,,
156,"MJV14-17-BIO-VT-10,-3-5C",1,21,35.232085,-115.793802,,,Lauren Yang,999-9082,Gravel,,,Mormon Tea ,Ephedraceae,Ephedra viridis,1,TNTC,4,Mormon tea,,
157,"MJV14-17-BIO-VT-10,-3-5C",1,21,35.232085,-115.793802,,,Lauren Yang,999-9082,Gravel,,,Creosote Bush,Zygophyllaceae,Larrea tridentada,1,TNTC,4,Creosote bush,,
158,"MJV14-17-BIO-VT-10,-3-5D",1,22,35.232089,-115.793949,,,Lauren Yang,999-9084,Live plant,,,White Bursage,Asteraceae,Ambrosia dumosa,1,5,5,White bursage,,
159,"MJV14-17-BIO-VT-10,-3-5D",1,22,35.232089,-115.793949,,,Lauren Yang,999-9084,Live plant,,,Buckhorn Cholla,Cactaceae,Cylindropuntia acanthocarpa,1,5,5,Buckhorn cholla,,
160,"MJV14-17-BIO-VT-10,-3-5D",1,22,35.232089,-115.793949,,,Lauren Yang,999-9084,Live plant,,,California Buckwheat ,Polygonaceae,Eriogonum fasciculatum,1,5,5,California buckwheat,,
161,"MJV14-17-BIO-VT-10,-3-5D",1,22,35.232089,-115.793949,,,Lauren Yang,999-9084,Live plant,,,Fuzzy tops,Null,Null,1,5,5,Fuzzy top grass,,
162,"MJV14-17-BIO-VT-10,-3-5D",1,22,35.232089,-115.793949,,,Lauren Yang,999-9084,Live plant,,,Wheat top grass,Poaceae,Null,1,5,5,Wheat top grass,,
163,"MJV14-17-BIO-VT-10,-3-5E",1,23,35.232084,-115.794017,,,Lauren Yang,999-9086,Live plant,,,Mormon Tea ,Ephedraceae,Ephedra viridis,1,4,4,Mormon tea,,
164,"MJV14-17-BIO-VT-10,-3-5E",1,23,35.232084,-115.794017,,,Lauren Yang,999-9086,Live plant,,,California Buckwheat ,Polygonaceae,Eriogonum fasciculatum,1,4,4,California buckwheat,,
165,"MJV14-17-BIO-VT-10,-3-5E",1,23,35.232084,-115.794017,,,Lauren Yang,999-9086,Live plant,,,Beavertail Cactus,Cactaceae,Opuntia basilaris,1,4,4,Beavertail cactus,,
166,"MJV14-17-BIO-VT-10,-3-5E",1,23,35.232084,-115.794017,,,Lauren Yang,999-9086,Live plant,,,Wheat top grass,Poaceae,Null,1,4,4,Wheat top grass,,
167,"MJV14-17-BIO-VT-10,-3-5F",1,24,35.232085,-115.794166,,,Lauren Yang,999-9087,Live plant,,,Mormon Tea ,Ephedraceae,Ephedra viridis,6,TNTC,4,Mormon tea,,
168,"MJV14-17-BIO-VT-10,-3-5F",1,24,35.232085,-115.794166,,,Lauren Yang,999-9087,Live plant,,,Barrel Cactus,Cactaceae,Ferocactus cylindraceus,2,TNTC,4,Barrel cactus,,
169,"MJV14-17-BIO-VT-10,-3-5F",1,24,35.232085,-115.794166,,,Lauren Yang,999-9087,Live plant,,,Fuzzy tops,Null,Null,TNTC,TNTC,4,Fuzzy top grass,,
170,"MJV14-17-BIO-VT-10,-3-5F",1,24,35.232085,-115.794166,,,Lauren Yang,999-9087,Live plant,,,Wheat top grass,Poaceae,Null,TNTC,TNTC,4,Wheat top grass,,
171,"MJV14-17-BIO-VT-10,-3-5G",1,25,35.232058,-115.794339,,,Lauren Yang,999-9088,Live plant,,,Mojave Rabbitbush,Asteraceae,Ericameria paniculata,1,TNTC,3,Mojave rabbitbush,,
172,"MJV14-17-BIO-VT-10,-3-5G",1,25,35.232058,-115.794339,,,Lauren Yang,999-9088,Live plant,,,Anderson Thornbush,Solanaceae,Lycium andersonii,1,TNTC,3,Anderson thornbush,,
173,"MJV14-17-BIO-VT-10,-3-5G",1,25,35.232058,-115.794339,,,Lauren Yang,999-9090,Live plant,,,Wheat top grass,Poaceae,Null,TNTC,TNTC,3,Wheat top grass,,
174,"MJV14-17-BIO-VT-10,-3-5H",1,26,35.232076,-115.794412,,,Lauren Yang,999-9091,Gravel,,,Hedgehog Cactus,Cactaceae,Echinocereus engelmannii,1,TNTC,4,Hedgehog cactus,,
175,"MJV14-17-BIO-VT-10,-3-5H",1,26,35.232076,-115.794412,,,Lauren Yang,999-9091,Gravel,,,California Buckwheat ,Polygonaceae,Eriogonum fasciculatum,1,TNTC,4,California buckwheat,,
176,"MJV14-17-BIO-VT-10,-3-5H",1,26,35.232076,-115.794412,,,Lauren Yang,999-9091,Gravel,,,Anderson Thornbush,Solanaceae,Lycium andersonii,1,TNTC,4,Anderson thornbush,,
177,"MJV14-17-BIO-VT-10,-3-5H",1,26,35.232076,-115.794412,,,Lauren Yang,999-9091,Gravel,,,Wheat top grass,Poaceae,Null,TNTC,TNTC,4,Wheat top grass,,
178,"MJV14-17-BIO-VT-10,-3-5I",1,27,35.232046,-115.794544,,,Lauren Yang,999-9092,Live plant,,,Mormon Tea ,Ephedraceae,Ephedra viridis,1,TNTC,4,Mormon tea,,
179,"MJV14-17-BIO-VT-10,-3-5I",1,27,35.232046,-115.794544,,,Lauren Yang,999-9092,Live plant,,,Fuzzy tops,Null,Null,2,TNTC,4,Fuzzy top grass,,
180,"MJV14-17-BIO-VT-10,-3-5I",1,27,35.232046,-115.794544,,,Lauren Yang,999-9092,Live plant,,,Anderson Thornbush,Solanaceae,Lycium andersonii,2,TNTC,4,Anderson thornbush,,
181,"MJV14-17-BIO-VT-10,-3-5I",1,27,35.232046,-115.794544,,,Lauren Yang,999-9092,Live plant,,,Wheat top grass,Poaceae,Null,TNTC,TNTC,4,Wheat top grass,,
182,"MJV14-17-BIO-VT-10,-3-5J",1,28,35.23204,-115.794652,,,Lauren Yang,999-9093,Gravel,,,Pencil Cholla,Cactaceae,Cylindropuntia ramosissima,1,4,4,Pencil cholla,,
183,"MJV14-17-BIO-VT-10,-3-5J",1,28,35.23204,-115.794652,,,Lauren Yang,999-9093,Gravel,,,California Buckwheat ,Polygonaceae,Eriogonum fasciculatum,1,4,4,California buckwheat,,
184,"MJV14-17-BIO-VT-10,-3-5J",1,28,35.23204,-115.794652,,,Lauren Yang,999-9093,Gravel,,,Anderson Thornbush,Solanaceae,Lycium andersonii,1,4,4,Anderson thornbush,,
185,"MJV14-17-BIO-VT-10,-3-5J",1,28,35.23204,-115.794652,,,Lauren Yang,999-9093,Gravel,,,Mojave Yucca,Agavaceae,Yucca schidigera,1,4,4,Mojave yucca,12,
186,"MJV14-17-BIO-VT-10,-3-6A",1,29,35.232167,-115.793579,,,Lauren Yang,999-9127,Gravel,,,Pencil Cholla,Cactaceae,Cylindropuntia ramosissima,1,TNTC,4,Pencil cholla,,
187,"MJV14-17-BIO-VT-10,-3-6A",1,29,35.232167,-115.793579,,,Lauren Yang,999-9127,Gravel,,,Mormon Tea ,Ephedraceae,Ephedra viridis,2,TNTC,4,Mormon tea,,
188,"MJV14-17-BIO-VT-10,-3-6A",1,29,35.232167,-115.793579,,,Lauren Yang,999-9128,Gravel,,,California Buckwheat ,Polygonaceae,Eriogonum fasciculatum,1,TNTC,4,California buckwheat,,
189,"MJV14-17-BIO-VT-10,-3-6A",1,29,35.232167,-115.793579,,,Lauren Yang,999-9127,Gravel,,,Wheat top grass,Poaceae,Null,TNTC,TNTC,4,Wheat top grass,,
190,"MJV14-17-BIO-VT-10,-3-6B",1,30,35.232161,-115.793744,,,Lauren Yang,999-9129,Gravel,,,White Bursage,Asteraceae,Ambrosia dumosa,1,TNTC,7,White bursage,,
191,"MJV14-17-BIO-VT-10,-3-6B",1,30,35.232161,-115.793744,,,Lauren Yang,999-9129,Gravel,,,Hedgehog Cactus,Cactaceae,Echinocereus engelmannii,1,TNTC,7,Hedgehog cactus,,
192,"MJV14-17-BIO-VT-10,-3-6B",1,30,35.232161,-115.793744,,,Lauren Yang,999-9129,Gravel,,,Mormon Tea ,Ephedraceae,Ephedra viridis,1,TNTC,7,Mormon tea,,
193,"MJV14-17-BIO-VT-10,-3-6B",1,30,35.232161,-115.793744,,,Lauren Yang,999-9130/32,Gravel,,,California Buckwheat ,Polygonaceae,Eriogonum fasciculatum,1,TNTC,7,California buckwheat,,
194,"MJV14-17-BIO-VT-10,-3-6B",1,30,35.232161,-115.793744,,,Lauren Yang,999-9129,Gravel,,,Barrel Cactus,Cactaceae,Ferocactus cylindraceus,1,TNTC,7,Barrel cactus,,
195,"MJV14-17-BIO-VT-10,-3-6B",1,30,35.232161,-115.793744,,,Lauren Yang,999-9135,Gravel,,,Fuzzy tops,Null,Null,1,TNTC,7,Fuzzy top grass,,
196,"MJV14-17-BIO-VT-10,-3-6B",1,30,35.232161,-115.793744,,,Lauren Yang,999-9129,Gravel,,,Wheat top grass,Poaceae,Null,TNTC,TNTC,7,Wheat top grass,,
197,"MJV14-17-BIO-VT-10,-3-6B",1,30,35.232161,-115.793744,,,Lauren Yang,999-9129,Gravel,,,Mojave Yucca,Agavaceae,Yucca schidigera,5,TNTC,7,Mojave yucca,12,
198,"MJV14-17-BIO-VT-10,-3-6C",1,31,35.232175,-115.793867,,,Lauren Yang,999-9134,Dead plant,,,Mormon Tea ,Ephedraceae,Ephedra viridis,2,11,2,Mormon tea,,
199,"MJV14-17-BIO-VT-10,-3-6C",1,31,35.232175,-115.793867,,,Lauren Yang,999-9134,Dead plant,,,Mojave Yucca,Agavaceae,Yucca schidigera,9,11,2,Mojave yucca,12,
200,"MJV14-17-BIO-VT-10,-3-6D",1,32,35.232208,-115.793937,,,Lauren Yang,999-9138,Gravel,,,White Bursage,Asteraceae,Ambrosia dumosa,1,2,2,White bursage,,
201,"MJV14-17-BIO-VT-10,-3-6D",1,32,35.232208,-115.793937,,,Lauren Yang,999-9138,Gravel,,,Mojave Rabbitbush,Asteraceae,Ericameria paniculata,1,2,2,Mojave rabbitbush,,
202,"MJV14-17-BIO-VT-10,-3-6E",1,33,35.232207,-115.79405,,,Lauren Yang,999-9139,Dead plant,,,Cottontop Cactus,Cactaceae,Echinocactus polycephalus,1,TNTC,6,Cottontop cactus,,
203,"MJV14-17-BIO-VT-10,-3-6E",1,33,35.232207,-115.79405,,,Lauren Yang,999-9139,Dead plant,,,Mormon Tea ,Ephedraceae,Ephedra viridis,2,TNTC,6,Mormon tea,,
204,"MJV14-17-BIO-VT-10,-3-6E",1,33,35.232207,-115.79405,,,Lauren Yang,999-9139,Dead plant,,,Mojave Rabbitbush,Asteraceae,Ericameria paniculata,1,TNTC,6,Mojave rabbitbush,,
205,"MJV14-17-BIO-VT-10,-3-6E",1,33,35.232207,-115.79405,,,Lauren Yang,999-9139,Dead plant,,,Barrel Cactus,Cactaceae,Ferocactus cylindraceus,1,TNTC,6,Barrel cactus,,
206,"MJV14-17-BIO-VT-10,-3-6E",1,33,35.232207,-115.79405,,,Lauren Yang,999-9139,Dead plant,,,Wheat top grass,Poaceae,Null,TNTC,TNTC,6,Wheat top grass,,
207,"MJV14-17-BIO-VT-10,-3-6E",1,33,35.232207,-115.79405,,,Lauren Yang,999-9139,Dead plant,,,Mojave Yucca,Agavaceae,Yucca schidigera,1,TNTC,6,Mojave yucca,12,
208,"MJV14-17-BIO-VT-10,-3-6F",1,34,35.232187,-115.794142,,,Lauren Yang,999-9141,Gravel,,,Buckhorn Cholla,Cactaceae,Cylindropuntia acanthocarpa,1,TNTC,3,Buckhorn cholla,,
209,"MJV14-17-BIO-VT-10,-3-6F",1,34,35.232187,-115.794142,,,Lauren Yang,999-9141,Gravel,,,Mormon Tea ,Ephedraceae,Ephedra viridis,1,TNTC,3,Mormon tea,,
210,"MJV14-17-BIO-VT-10,-3-6F",1,34,35.232187,-115.794142,,,Lauren Yang,999-9141,Gravel,,,Wheat top grass,Poaceae,Null,TNTC,TNTC,3,Wheat top grass,,
211,"MJV14-17-BIO-VT-10,-3-6G",1,35,35.232174,-115.794163,,,Lauren Yang,999-9143,Gravel,,,Mulefat,Asteraceae,Baccharis salicina,1,5,5,Mulefat,,
212,"MJV14-17-BIO-VT-10,-3-6G",1,35,35.232174,-115.794163,,,Lauren Yang,999-9143,Gravel,,,Pencil Cholla,Cactaceae,Cylindropuntia ramosissima,1,5,5,Pencil cholla,,
213,"MJV14-17-BIO-VT-10,-3-6G",1,35,35.232174,-115.794163,,,Lauren Yang,999-9143,Gravel,,,Mormon Tea ,Ephedraceae,Ephedra viridis,1,5,5,Mormon tea,,
214,"MJV14-17-BIO-VT-10,-3-6G",1,35,35.232174,-115.794163,,,Lauren Yang,999-9143,Gravel,,,Anderson Thornbush,Solanaceae,Lycium andersonii,1,5,5,Anderson thornbush,,
215,"MJV14-17-BIO-VT-10,-3-6G",1,35,35.232174,-115.794163,,,Lauren Yang,999-9143,Gravel,,,Beavertail Cactus,Cactaceae,Opuntia basilaris,1,5,5,Beavertail cactus,,
216,"MJV14-17-BIO-VT-10,-3-6H",1,36,35.232177,-115.794264,,,Lauren Yang,999-9144,Gravel,,,Mulefat,Asteraceae,Baccharis salicina,4,TNTC,6,Mulefat,,
217,"MJV14-17-BIO-VT-10,-3-6H",1,36,35.232177,-115.794264,,,Lauren Yang,999-9144,Gravel,,,California Cholla,Cactaceae,Cylindropuntia californica,1,TNTC,6,California cholla,,
218,"MJV14-17-BIO-VT-10,-3-6H",1,36,35.232177,-115.794264,,,Lauren Yang,999-9144,Gravel,,,Mormon Tea ,Ephedraceae,Ephedra viridis,1,TNTC,6,Mormon tea,,
219,"MJV14-17-BIO-VT-10,-3-6H",1,36,35.232177,-115.794264,,,Lauren Yang,999-9145/46,Gravel,,,Thick bladed grass,Poaceae,Null,TNTC,TNTC,6,Thick bladed grass,,
220,"MJV14-17-BIO-VT-10,-3-6H",1,36,35.232177,-115.794264,,,Lauren Yang,999-9144,Gravel,,,Wheat top grass,Poaceae,Null,TNTC,TNTC,6,Wheat top grass,,
221,"MJV14-17-BIO-VT-10,-3-6I",1,37,35.232167,-115.794533,,,Lauren Yang,999-9147,Live plant,,,Mulefat,Asteraceae,Baccharis salicina,3,TNTC,3,Mulefat,,
222,"MJV14-17-BIO-VT-10,-3-6I",1,37,35.232167,-115.794533,,,Lauren Yang,999-9147,Live plant,,,Beavertail Cactus,Cactaceae,Opuntia basilaris,1,TNTC,3,Beavertail cactus,,
223,"MJV14-17-BIO-VT-10,-3-6I",1,37,35.232167,-115.794533,,,Lauren Yang,999-9147,Live plant,,,Wheat top grass,Poaceae,Null,TNTC,TNTC,3,Wheat top grass,,
224,"MJV14-17-BIO-VT-10,-3-6J",1,38,35.232145,-115.794653,,,Lauren Yang,999-9148,Live plant,,,Pencil Cholla,Cactaceae,Cylindropuntia ramosissima,1,TNTC,7,Pencil cholla,,
225,"MJV14-17-BIO-VT-10,-3-6J",1,38,35.232145,-115.794653,,,Lauren Yang,999-9148,Live plant,,,Hedgehog Cactus,Cactaceae,Echinocereus engelmannii,4,TNTC,7,Hedgehog cactus,,
226,"MJV14-17-BIO-VT-10,-3-6J",1,38,35.232145,-115.794653,,,Lauren Yang,999-9148,Live plant,,,Mormon Tea ,Ephedraceae,Ephedra viridis,1,TNTC,7,Mormon tea,,
227,"MJV14-17-BIO-VT-10,-3-6J",1,38,35.232145,-115.794653,,,Lauren Yang,999-9148,Live plant,,,California Buckwheat ,Polygonaceae,Eriogonum fasciculatum,1,TNTC,7,California buckwheat,,
228,"MJV14-17-BIO-VT-10,-3-6J",1,38,35.232145,-115.794653,,,Lauren Yang,999-9148,Live plant,,,Desert Trumpet,Polygonaceae,Eriogonum inflatum,2,TNTC,7,Desert trumpet,,
229,"MJV14-17-BIO-VT-10,-3-6J",1,38,35.232145,-115.794653,,,Lauren Yang,999-9148,Live plant,,,Beavertail Cactus,Cactaceae,Opuntia basilaris,1,TNTC,7,Beavertail cactus,,
230,"MJV14-17-BIO-VT-10,-3-6J",1,38,35.232145,-115.794653,,,Lauren Yang,999-9148,Live plant,,,Wheat top grass,Poaceae,Null,TNTC,TNTC,7,Wheat top grass,,
231,"MJV14-17-BIO-VT-10,-3-7A",1,39,35.232241,-115.794642,,,Lauren Yang,999-9163,Dead plant,,,Anemopsis californica,Saururaceae,Anemopsis,2,6,3,Yerba mansa,,
232,"MJV14-17-BIO-VT-10,-3-7A",1,39,35.232241,-115.794642,,,Lauren Yang,999-9163,Dead plant,,,Mulefat,Asteraceae,Baccharis salicina,3,6,3,Mulefat,,
233,"MJV14-17-BIO-VT-10,-3-7A",1,39,35.232241,-115.794642,,,Lauren Yang,999-9163,Dead plant,,,Hedgehog Cactus,Cactaceae,Echinocereus engelmannii,1,6,3,Hedgehog cactus,,
234,"MJV14-17-BIO-VT-10,-3-7B",1,40,35.232245,-115.794468,,,Lauren Yang,999-9164,Live plant,,,Buckhorn Cholla,Cactaceae,Cylindropuntia acanthocarpa,1,TNTC,4,Buckhorn cholla,,
235,"MJV14-17-BIO-VT-10,-3-7B",1,40,35.232245,-115.794468,,,Lauren Yang,999-9164,Live plant,,,Pencil Cholla,Cactaceae,Cylindropuntia ramosissima,1,TNTC,4,Pencil cholla,,
236,"MJV14-17-BIO-VT-10,-3-7B",1,40,35.232245,-115.794468,,,Lauren Yang,999-9164,Live plant,,,Mormon Tea ,Ephedraceae,Ephedra viridis,1,TNTC,4,Mormon tea,,
237,"MJV14-17-BIO-VT-10,-3-7B",1,40,35.232245,-115.794468,,,Lauren Yang,999-9164,Live plant,,,Wheat top grass,Poaceae,Null,TNTC,TNTC,4,Wheat top grass,,
238,"MJV14-17-BIO-VT-10,-3-7C",1,41,35.232249,-115.794328,,,Lauren Yang,999-9165,Gravel,,,White Bursage,Asteraceae,Ambrosia dumosa,2,6,3,White bursage,,
239,"MJV14-17-BIO-VT-10,-3-7C",1,41,35.232249,-115.794328,,,Lauren Yang,999-9165,Gravel,,,Low Woollygrass,Poaceae,Dasyochloa pulchella,3,6,3,Low woollygrass,,
240,"MJV14-17-BIO-VT-10,-3-7C",1,41,35.232249,-115.794328,,,Lauren Yang,999-9165,Gravel,,,Mormon Tea ,Ephedraceae,Ephedra viridis,1,6,3,Mormon tea,,
241,"MJV14-17-BIO-VT-10,-3-7D",1,42,35.23226,-115.7942,,,Lauren Yang,999-9166,Live plant,,,Wheat top grass,Poaceae,Null,TNTC,TNTC,2,Wheat top grass,,
242,"MJV14-17-BIO-VT-10,-3-7D",1,42,35.23226,-115.7942,,,Lauren Yang,999-9166,Live plant,,,Mojave Yucca,Agavaceae,Yucca schidigera,5,TNTC,2,Mojave yucca,12,
243,"MJV14-17-BIO-VT-10,-3-7E",1,43,35.232287,-115.79409,,,Lauren Yang,999-9167,Live plant,,,White Bursage,Asteraceae,Ambrosia dumosa,2,TNTC,5,White bursage,,
244,"MJV14-17-BIO-VT-10,-3-7E",1,43,35.232287,-115.79409,,,Lauren Yang,999-9167,Live plant,,,Mormon Tea ,Ephedraceae,Ephedra viridis,1,TNTC,5,Mormon tea,,
245,"MJV14-17-BIO-VT-10,-3-7E",1,43,35.232287,-115.79409,,,Lauren Yang,999-9167,Live plant,,,Barrel Cactus,Cactaceae,Ferocactus cylindraceus,1,TNTC,5,Barrel cactus,,
246,"MJV14-17-BIO-VT-10,-3-7E",1,43,35.232287,-115.79409,,,Lauren Yang,999-9167,Live plant,,,Fuzzy tops,Null,Null,TNTC,TNTC,5,Fuzzy top grass,,
247,"MJV14-17-BIO-VT-10,-3-7E",1,43,35.232287,-115.79409,,,Lauren Yang,999-9167,Live plant,,,Wheat top grass,Poaceae,Null,TNTC,TNTC,5,Wheat top grass,,
248,"MJV14-17-BIO-VT-10,-3-7F",1,44,35.232275,-115.793916,,,Lauren Yang,999-9168,Live plant,,,California Buckwheat ,Polygonaceae,Eriogonum fasciculatum,1,5,4,California buckwheat,,
249,"MJV14-17-BIO-VT-10,-3-7F",1,44,35.232275,-115.793916,,,Lauren Yang,999-9168,Live plant,,,Creosote Bush,Zygophyllaceae,Larrea tridentada,1,5,4,Creosote bush,,
250,"MJV14-17-BIO-VT-10,-3-7F",1,44,35.232275,-115.793916,,,Lauren Yang,999-9168,Live plant,,,Anderson Thornbush,Solanaceae,Lycium andersonii,1,5,4,Anderson thornbush,,
251,"MJV14-17-BIO-VT-10,-3-7F",1,44,35.232275,-115.793916,,,Lauren Yang,999-9168,Live plant,,,Mojave Yucca,Agavaceae,Yucca schidigera,2,5,4,Mojave yucca,12,
252,"MJV14-17-BIO-VT-10,-3-7G",1,45,35.232252,-115.793815,,,Lauren Yang,999-9169,Gravel,,,White Bursage,Asteraceae,Ambrosia dumosa,1,3,3,White bursage,,
253,"MJV14-17-BIO-VT-10,-3-7G",1,45,35.232252,-115.793815,,,Lauren Yang,999-9169,Gravel,,,Mulefat,Asteraceae,Baccharis salicina,1,3,3,Mulefat,,
254,"MJV14-17-BIO-VT-10,-3-7G",1,45,35.232252,-115.793815,,,Lauren Yang,999-9169,Gravel,,,Mormon Tea ,Ephedraceae,Ephedra viridis,1,3,3,Mormon tea,,
255,"MJV14-17-BIO-VT-10,-3-7H",1,46,35.232264,-115.793696,,,Lauren Yang,999-9170,Live plant,,,White Bursage,Asteraceae,Ambrosia dumosa,1,5,4,White bursage,,
256,"MJV14-17-BIO-VT-10,-3-7H",1,46,35.232264,-115.793696,,,Lauren Yang,999-9170,Live plant,,,Mormon Tea ,Ephedraceae,Ephedra viridis,1,5,4,Mormon tea,,
257,"MJV14-17-BIO-VT-10,-3-7H",1,46,35.232264,-115.793696,,,Lauren Yang,999-9171,Live plant,,,Mojave Rabbitbush,Asteraceae,Ericameria paniculata,2,5,4,Mojave rabbitbush,,
258,"MJV14-17-BIO-VT-10,-3-7H",1,46,35.232264,-115.793696,,,Lauren Yang,999-9170,Live plant,,,Mojave Yucca,Agavaceae,Yucca schidigera,1,5,4,Mojave yucca,12,
259,"MJV14-17-BIO-VT-10,-3-7I",1,47,35.23225,-115.793661,,,Lauren Yang,999-9174,Live plant,,,Buckhorn Cholla,Cactaceae,Cylindropuntia acanthocarpa,1,TNTC,4,Buckhorn cholla,,
260,"MJV14-17-BIO-VT-10,-3-7I",1,47,35.23225,-115.793661,,,Lauren Yang,999-9174,Live plant,,,Mormon Tea ,Ephedraceae,Ephedra viridis,4,TNTC,4,Mormon tea,,
261,"MJV14-17-BIO-VT-10,-3-7I",1,47,35.23225,-115.793661,,,Lauren Yang,999-9174,Live plant,,,Spiky top,Null,Null,TNTC,TNTC,4,Spiky top unknown,,
262,"MJV14-17-BIO-VT-10,-3-7I",1,47,35.23225,-115.793661,,,Lauren Yang,999-9174,Live plant,,,Wheat top grass,Poaceae,Null,TNTC,TNTC,4,Wheat top grass,,
263,"MJV14-17-BIO-VT-10,-3-7J",1,48,35.232227,-115.793602,,,Lauren Yang,999-9176,Granite,,,Creosote Bush,Zygophyllaceae,Larrea tridentada,1,TNTC,4,Creosote bush,,
264,"MJV14-17-BIO-VT-10,-3-7J",1,48,35.232227,-115.793602,,,Lauren Yang,999-9176,Granite,,,Lichen,Null,Null,NA,NA,4,Lichen,,
265,"MJV14-17-BIO-VT-10,-3-7J",1,48,35.232227,-115.793602,,,Lauren Yang,999-9176,Granite,,,Anderson Thornbush,Solanaceae,Lycium andersonii,1,TNTC,4,Anderson thornbush,,
266,"MJV14-17-BIO-VT-10,-3-7J",1,48,35.232227,-115.793602,,,Lauren Yang,999-9176,Granite,,,Spiky top,Null,Null,TNTC,TNTC,4,Spiky top unknown,,
267,"MJV14-17-BIO-VT-10,-3-7J",1,48,35.232227,-115.793602,,,Lauren Yang,999-9176,Granite,,,Wheat top grass,Poaceae,Null,TNTC,TNTC,4,Wheat top grass,,
268,"MJV14-17-BIO-VT-10,-3-8A",1,49,35.23238,-115.793578,,,Pam Lim,1248,Gravel,,,White Bursage,Asteraceae,Ambrosia dumosa,1,TNTC,4,White bursage,,
269,"MJV14-17-BIO-VT-10,-3-8A",1,49,35.23238,-115.793578,,,Pam Lim,1248,Gravel,,,Anderson Thornbush,Solanaceae,Lycium andersonii,2,TNTC,4,Anderson thornbush,,
270,"MJV14-17-BIO-VT-10,-3-8A",1,49,35.23238,-115.793578,,,Pam Lim,1248,Gravel,,,Spiky top,Null,Null,1,TNTC,4,Spiky top unknown,,
271,"MJV14-17-BIO-VT-10,-3-8A",1,49,35.23238,-115.793578,,,Pam Lim,1248,Gravel,,,Wheat top grass,Poaceae,Null,TNTC,TNTC,4,Wheat top grass,,
272,"MJV14-17-BIO-VT-10,-3-8B",1,50,35.23237,-115.793655,,,Pam Lim,1252,Live plant,,,Mojave Rabbitbush,Asteraceae,Ericameria paniculata,1,TNTC,3,Mojave rabbitbush,,
273,"MJV14-17-BIO-VT-10,-3-8B",1,50,35.23237,-115.793655,,,Pam Lim,1252,Live plant,,,Wheat top grass,Poaceae,Null,TNTC,TNTC,3,Wheat top grass,,
274,"MJV14-17-BIO-VT-10,-3-8B",1,50,35.23237,-115.793655,,,Pam Lim,1252,Live plant,,,Mojave Yucca,Agavaceae,Yucca schidigera,6,TNTC,3,Mojave yucca,12,
275,"MJV14-17-BIO-VT-10,-3-8C",1,51,35.23238,-115.793789,,,Pam Lim,1255,Gravel,,,Mormon Tea ,Ephedraceae,Ephedra viridis,2,TNTC,3,Mormon tea,,
276,"MJV14-17-BIO-VT-10,-3-8C",1,51,35.23238,-115.793789,,,Pam Lim,1255,Gravel,,,California Buckwheat ,Polygonaceae,Eriogonum fasciculatum,1,TNTC,3,California buckwheat,,
277,"MJV14-17-BIO-VT-10,-3-8C",1,51,35.23238,-115.793789,,,Pam Lim,1255,Gravel,,,Wheat top grass,Poaceae,,TNTC,TNTC,3,Wheat top grass,,
278,"MJV14-17-BIO-VT-10,-3-8D",1,52,35.232387,-115.793902,,,Pam Lim,1256,Live plant,,,Pencil Cholla,Cactaceae,Cylindropuntia ramosissima,1,TNTC,5,Pencil cholla,,
279,"MJV14-17-BIO-VT-10,-3-8D",1,52,35.232387,-115.793902,,,Pam Lim,1256,Live plant,,,Mormon Tea ,Ephedraceae,Ephedra viridis,1,TNTC,5,Mormon tea,,
280,"MJV14-17-BIO-VT-10,-3-8D",1,52,35.232387,-115.793902,,,Pam Lim,1256,Live plant,,,California Buckwheat ,Polygonaceae,Eriogonum fasciculatum,1,TNTC,5,California buckwheat,,
281,"MJV14-17-BIO-VT-10,-3-8D",1,52,35.232387,-115.793902,,,Pam Lim,1256,Live plant,,,Fuzzy tops,Null,Null,2,TNTC,5,Fuzzy top grass,,
282,"MJV14-17-BIO-VT-10,-3-8D",1,52,35.232387,-115.793902,,,Pam Lim,1256,Live plant,,,Wheat top grass,Poaceae,Null,TNTC,TNTC,5,Wheat top grass,,
283,"MJV14-17-BIO-VT-10,-3-8E",1,53,35.232411,-115.794023,,,Pam Lim,100,Live plant,,,Mormon Tea ,Ephedraceae,Ephedra viridis,1,TNTC,4,Mormon tea,,
284,"MJV14-17-BIO-VT-10,-3-8E",1,53,35.232411,-115.794023,,,Pam Lim,100,Live plant,,,Spiky top,Null,Null,3,TNTC,4,Spiky top unknown,,
285,"MJV14-17-BIO-VT-10,-3-8E",1,53,35.232411,-115.794023,,,Pam Lim,100,Live plant,,,Wheat top grass,Poaceae,Null,TNTC,TNTC,4,Wheat top grass,,
286,"MJV14-17-BIO-VT-10,-3-8E",1,53,35.232411,-115.794023,,,Pam Lim,100,Live plant,,,Mojave Yucca,Agavaceae,Yucca schidigera,6,TNTC,4,Mojave yucca,12,
287,"MJV14-17-BIO-VT-10,-3-8F",1,54,35.23249,-115.794145,,,Pam Lim,107,Live plant,,,White Bursage,Asteraceae,Ambrosia dumosa,1,TNTC,8,White bursage,,
288,"MJV14-17-BIO-VT-10,-3-8F",1,54,35.23249,-115.794145,,,Pam Lim,107,Live plant,,,Pencil Cholla,Cactaceae,Cylindropuntia ramosissima,1,TNTC,8,Pencil cholla,,
289,"MJV14-17-BIO-VT-10,-3-8F",1,54,35.23249,-115.794145,,,Pam Lim,107,Live plant,,,Hedgehog Cactus,Cactaceae,Echinocereus engelmannii,1,TNTC,8,Hedgehog cactus,,
290,"MJV14-17-BIO-VT-10,-3-8F",1,54,35.23249,-115.794145,,,Pam Lim,107,Live plant,,,Mormon Tea ,Ephedraceae,Ephedra viridis,1,TNTC,8,Mormon tea,,
291,"MJV14-17-BIO-VT-10,-3-8F",1,54,35.23249,-115.794145,,,Pam Lim,107,Live plant,,,California Buckwheat ,Polygonaceae,Eriogonum fasciculatum,1,TNTC,8,California buckwheat,,
292,"MJV14-17-BIO-VT-10,-3-8F",1,54,35.23249,-115.794145,,,Pam Lim,107,Live plant,,,Desert Trumpet,Polygonaceae,Eriogonum inflatum,1,TNTC,8,Desert trumpet,,
293,"MJV14-17-BIO-VT-10,-3-8F",1,54,35.23249,-115.794145,,,Pam Lim,107,Live plant,,,Spiky top,Null,Null,TNTC,TNTC,8,Spiky top unknown,,
294,"MJV14-17-BIO-VT-10,-3-8F",1,54,35.23249,-115.794145,,,Pam Lim,107,Live plant,,,Wheat top grass,Poaceae,Null,TNTC,TNTC,8,Wheat top grass,,
295,"MJV14-17-BIO-VT-10,-3-8G",1,55,35.232456,-115.794385,,,Pam Lim,112,Gravel,,,Mormon Tea ,Ephedraceae,Ephedra viridis,3,TNTC,5,Mormon tea,,
296,"MJV14-17-BIO-VT-10,-3-8G",1,55,35.232456,-115.794385,,,Pam Lim,112,Gravel,,,Desert Trumpet,Polygonaceae,Eriogonum inflatum,1,TNTC,5,Desert trumpet,,
297,"MJV14-17-BIO-VT-10,-3-8G",1,55,35.232456,-115.794385,,,Pam Lim,112,Gravel,,,Spiky top,Null,Null,TNTC,TNTC,5,Spiky top unknown,,
298,"MJV14-17-BIO-VT-10,-3-8G",1,55,35.232456,-115.794385,,,Pam Lim,112,Gravel,,,Wheat top grass,Poaceae,Null,TNTC,TNTC,5,Wheat top grass,,
299,"MJV14-17-BIO-VT-10,-3-8G",1,55,35.232456,-115.794385,,,Pam Lim,112,Gravel,,,,,,1,TNTC,5,Skeleton weed,12,
300,"MJV14-17-BIO-VT-10,-3-8H",1,56,35.232462,-115.794398,,,Pam Lim,116,Gravel,,,Mulefat,Asteraceae,Baccharis salicina,1,TNTC,5,Mulefat,,
301,"MJV14-17-BIO-VT-10,-3-8H",1,56,35.232462,-115.794398,,,Pam Lim,116,Gravel,,,Mormon Tea ,Ephedraceae,Ephedra viridis,1,TNTC,5,Mormon tea,,
302,"MJV14-17-BIO-VT-10,-3-8H",1,56,35.232462,-115.794398,,,Pam Lim,116,Gravel,,,Desert Trumpet,Polygonaceae,Eriogonum inflatum,2,TNTC,5,Desert trumpet,,
303,"MJV14-17-BIO-VT-10,-3-8H",1,56,35.232462,-115.794398,,,Pam Lim,116,Gravel,,,Spiky top,Null,Null,TNTC,TNTC,5,Spiky top unknown,,
304,"MJV14-17-BIO-VT-10,-3-8H",1,56,35.232462,-115.794398,,,Pam Lim,116,Gravel,,,Wheat top grass,Poaceae,Null,TNTC,TNTC,5,Wheat top grass,,
305,"MJV14-17-BIO-VT-10,-3-8I",1,57,35.232451,-115.794508,,,Pam Lim,124,Gravel,,,White Bursage,Asteraceae,Ambrosia dumosa,1,TNTC,6,White bursage,,
306,"MJV14-17-BIO-VT-10,-3-8I",1,57,35.232451,-115.794508,,,Pam Lim,124,Gravel,,,Mormon Tea ,Ephedraceae,Ephedra viridis,1,TNTC,6,Mormon tea,,
307,"MJV14-17-BIO-VT-10,-3-8I",1,57,35.232451,-115.794508,,,Pam Lim,124,Gravel,,,Mojave Rabbitbush,Asteraceae,Ericameria paniculata,1,TNTC,6,Mojave rabbitbush,,
308,"MJV14-17-BIO-VT-10,-3-8I",1,57,35.232451,-115.794508,,,Pam Lim,124,Gravel,,,California Buckwheat ,Polygonaceae,Eriogonum fasciculatum,1,TNTC,6,California buckwheat,,
309,"MJV14-17-BIO-VT-10,-3-8I",1,57,35.232451,-115.794508,,,Pam Lim,124,Gravel,,,Desert Trumpet,Polygonaceae,Eriogonum inflatum,1,TNTC,6,Desert trumpet,,
310,"MJV14-17-BIO-VT-10,-3-8I",1,57,35.232451,-115.794508,,,Pam Lim,124,Gravel,,,Wheat top grass,Poaceae,Null,TNTC,TNTC,6,Wheat top grass,,
311,"MJV14-17-BIO-VT-10,-3-8J",1,58,35.232405,-115.79462,,,Pam Lim,127,Gravel,,,White Bursage,Asteraceae,Ambrosia dumosa,1,TNTC,3,White bursage,,
312,"MJV14-17-BIO-VT-10,-3-8J",1,58,35.232405,-115.79462,,,Pam Lim,127,Gravel,,,Mormon Tea ,Ephedraceae,Ephedra viridis,1,TNTC,3,Mormon tea,,
313,"MJV14-17-BIO-VT-10,-3-8J",1,58,35.232405,-115.79462,,,Pam Lim,127,Gravel,,,Wheat top grass,Poaceae,Null,TNTC,TNTC,3,Wheat top grass,,
314,"MJV14-17-BIO-VT-10,-3-9A",1,59,35.232551,-115.79467,,,Pam Lim,143,Basalt,,,Mulefat,Asteraceae,Baccharis salicina,1,6,5,Mulefat,,
315,"MJV14-17-BIO-VT-10,-3-9A",1,59,35.232551,-115.79467,,,Pam Lim,143,Basalt,,,Hedgehog Cactus,Cactaceae,Echinocereus engelmannii,1,6,5,Hedgehog cactus,,
316,"MJV14-17-BIO-VT-10,-3-9A",1,59,35.232551,-115.79467,,,Pam Lim,143,Basalt,,,Desert Trumpet,Polygonaceae,Eriogonum inflatum,2,6,5,Desert trumpet,,
317,"MJV14-17-BIO-VT-10,-3-9A",1,59,35.232551,-115.79467,,,Pam Lim,143,Basalt,,,Beavertail Cactus,Cactaceae,Opuntia basilaris,1,6,5,Beavertail cactus,,
318,"MJV14-17-BIO-VT-10,-3-9A",1,59,35.232551,-115.79467,,,Pam Lim,145,Basalt,,,Unknown,Null,Null,1,6,5,Unknown #1,,
319,"MJV14-17-BIO-VT-10,-3-9B",1,60,35.232577,-115.794553,,,Pam Lim,150,Granite,,,Desert Trumpet,Polygonaceae,Eriogonum inflatum,1,TNTC,5,Desert trumpet,,
320,"MJV14-17-BIO-VT-10,-3-9B",1,60,35.232577,-115.794553,,,Pam Lim,150,Granite,,,Barrel Cactus,Cactaceae,Ferocactus cylindraceus,1,TNTC,5,Barrel cactus,,
321,"MJV14-17-BIO-VT-10,-3-9B",1,60,35.232577,-115.794553,,,Pam Lim,150,Granite,,,Spiky top,Null,Null,1,TNTC,5,Spiky top unknown,,
322,"MJV14-17-BIO-VT-10,-3-9B",1,60,35.232577,-115.794553,,,Pam Lim,150,Granite,,,Wheat top grass,Poaceae,Null,TNTC,TNTC,5,Wheat top grass,,
323,"MJV14-17-BIO-VT-10,-3-9B",1,60,35.232577,-115.794553,,,Pam Lim,150,Granite,,,,,,1,TNTC,5,Cat's claw,12,
324,"MJV14-17-BIO-VT-10,-3-9C",1,61,35.2326,-115.794435,,,Pam Lim,155,Basalt,,,Hedgehog Cactus,Cactaceae,Echinocereus engelmannii,1,TNTC,6,Hedgehog cactus,,
325,"MJV14-17-BIO-VT-10,-3-9C",1,61,35.2326,-115.794435,,,Pam Lim,155,Basalt,,,Mormon Tea ,Ephedraceae,Ephedra viridis,1,TNTC,6,Mormon tea,,
326,"MJV14-17-BIO-VT-10,-3-9C",1,61,35.2326,-115.794435,,,Pam Lim,155,Basalt,,,California Buckwheat ,Polygonaceae,Eriogonum fasciculatum,1,TNTC,6,California buckwheat,,
327,"MJV14-17-BIO-VT-10,-3-9C",1,61,35.2326,-115.794435,,,Pam Lim,155,Basalt,,,Desert Trumpet,Polygonaceae,Eriogonum inflatum,2,TNTC,6,Desert trumpet,,
328,"MJV14-17-BIO-VT-10,-3-9C",1,61,35.2326,-115.794435,,,Pam Lim,155,Basalt,,,Wheat top grass,Poaceae,Null,TNTC,TNTC,6,Wheat top grass,,
329,"MJV14-17-BIO-VT-10,-3-9C",1,61,35.2326,-115.794435,,,Pam Lim,155,Basalt,,,,,,1,TNTC,6,Skeleton weed,12,
330,"MJV14-17-BIO-VT-10,-3-9D",1,62,35.232589,-115.794324,,,Pam Lim,159,Basalt,,,Barrel Cactus,Cactaceae,Ferocactus cylindraceus,1,TNTC,5,Barrel cactus,,
331,"MJV14-17-BIO-VT-10,-3-9D",1,62,35.232589,-115.794324,,,Pam Lim,159,Basalt,,,Spiky top,Null,Null,TNTC,TNTC,5,Spiky top unknown,,
332,"MJV14-17-BIO-VT-10,-3-9D",1,62,35.232589,-115.794324,,,Pam Lim,159,Basalt,,,Wheat top grass,Poaceae,Null,TNTC,TNTC,5,Wheat top grass,,
333,"MJV14-17-BIO-VT-10,-3-9D",1,62,35.232589,-115.794324,,,Pam Lim,159,Basalt,,,,,,1,TNTC,5,Desert misteltoe,12,
334,"MJV14-17-BIO-VT-10,-3-9D",1,62,35.232589,-115.794324,,,Pam Lim,159,Basalt,,,,,,1,TNTC,5,Cat's claw,12,
335,"MJV14-17-BIO-VT-10,-3-9E",1,63,35.232576,-115.794197,,,Pam Lim,202,Granite,,,Hedgehog Cactus,Cactaceae,Echinocereus engelmannii,1,TNTC,6,Hedgehog cactus,,
336,"MJV14-17-BIO-VT-10,-3-9E",1,63,35.232576,-115.794197,,,Pam Lim,202,Granite,,,Mormon Tea ,Ephedraceae,Ephedra viridis,1,TNTC,6,Mormon tea,,
337,"MJV14-17-BIO-VT-10,-3-9E",1,63,35.232576,-115.794197,,,Pam Lim,202,Granite,,,Barrel Cactus,Cactaceae,Ferocactus cylindraceus,1,TNTC,6,Barrel cactus,,
338,"MJV14-17-BIO-VT-10,-3-9E",1,63,35.232576,-115.794197,,,Pam Lim,202,Granite,,,Anderson Thornbush,Solanaceae,Lycium andersonii,1,TNTC,6,Anderson thornbush,,
339,"MJV14-17-BIO-VT-10,-3-9E",1,63,35.232576,-115.794197,,,Pam Lim,202,Granite,,,Spiky top,Null,Null,TNTC,TNTC,6,Spiky top unknown,,
340,"MJV14-17-BIO-VT-10,-3-9E",1,63,35.232576,-115.794197,,,Pam Lim,202,Granite,,,Wheat top grass,Poaceae,Null,TNTC,TNTC,6,Wheat top grass,,
341,"MJV14-17-BIO-VT-10,-3-9F",1,64,35.232569,-115.794045,,,Pam Lim,205,Live plant,,,Hedgehog Cactus,Cactaceae,Echinocereus engelmannii,1,TNTC,5,Hedgehog cactus,,
342,"MJV14-17-BIO-VT-10,-3-9F",1,64,35.232569,-115.794045,,,Pam Lim,205,Live plant,,,Mormon Tea ,Ephedraceae,Ephedra viridis,1,TNTC,5,Mormon tea,,
343,"MJV14-17-BIO-VT-10,-3-9F",1,64,35.232569,-115.794045,,,Pam Lim,205,Live plant,,,Creosote Bush,Zygophyllaceae,Larrea tridentada,1,TNTC,5,Creosote bush,,
344,"MJV14-17-BIO-VT-10,-3-9F",1,64,35.232569,-115.794045,,,Pam Lim,205,Live plant,,,Spiky top,Null,Null,TNTC,TNTC,5,Spiky top unknown,,
345,"MJV14-17-BIO-VT-10,-3-9F",1,64,35.232569,-115.794045,,,Pam Lim,205,Live plant,,,Wheat top grass,Poaceae,Null,TNTC,TNTC,5,Wheat top grass,,
346,"MJV14-17-BIO-VT-10,-3-9G",1,65,35.232571,-115.793906,,,Pam Lim,208,Live plant,,,California Cholla,Cactaceae,Cylindropuntia californica,1,TNTC,5,California cholla,,
347,"MJV14-17-BIO-VT-10,-3-9G",1,65,35.232571,-115.793906,,,Pam Lim,208,Live plant,,,Hedgehog Cactus,Cactaceae,Echinocereus engelmannii,1,TNTC,5,Hedgehog cactus,,
348,"MJV14-17-BIO-VT-10,-3-9G",1,65,35.232571,-115.793906,,,Pam Lim,208,Live plant,,,Mormon Tea ,Ephedraceae,Ephedra viridis,1,TNTC,5,Mormon tea,,
349,"MJV14-17-BIO-VT-10,-3-9G",1,65,35.232571,-115.793906,,,Pam Lim,208,Live plant,,,Barrel Cactus,Cactaceae,Ferocactus cylindraceus,3,TNTC,5,Barrel cactus,,
350,"MJV14-17-BIO-VT-10,-3-9G",1,65,35.232571,-115.793906,,,Pam Lim,208,Live plant,,,Wheat top grass,Poaceae,Null,TNTC,TNTC,5,Wheat top grass,,
351,"MJV14-17-BIO-VT-10,-3-9H",1,66,35.232561,-115.793792,,,Pam Lim,209,Live plant,,,Mormon Tea ,Ephedraceae,Ephedra viridis,1,TNTC,4,Mormon tea,,
352,"MJV14-17-BIO-VT-10,-3-9H",1,66,35.232561,-115.793792,,,Pam Lim,209,Live plant,,,Creosote Bush,Zygophyllaceae,Larrea tridentada,1,TNTC,4,Creosote bush,,
353,"MJV14-17-BIO-VT-10,-3-9H",1,66,35.232561,-115.793792,,,Pam Lim,209,Live plant,,,Spiky top,Null,Null,TNTC,TNTC,4,Spiky top unknown,,
354,"MJV14-17-BIO-VT-10,-3-9H",1,66,35.232561,-115.793792,,,Pam Lim,209,Live plant,,,Wheat top grass,Poaceae,Null,TNTC,TNTC,4,Wheat top grass,,
355,"MJV14-17-BIO-VT-10,-3-9I",1,68,35.232494,-115.793669,,,Pam Lim,214,Live plant,,,Hedgehog Cactus,Cactaceae,Echinocereus engelmannii,1,TNTC,4,Hedgehog cactus,,
356,"MJV14-17-BIO-VT-10,-3-9I",1,68,35.232494,-115.793669,,,Pam Lim,214,Live plant,,,Mormon Tea ,Ephedraceae,Ephedra viridis,1,TNTC,4,Mormon tea,,
357,"MJV14-17-BIO-VT-10,-3-9I",1,68,35.232494,-115.793669,,,Pam Lim,214,Live plant,,,Wheat top grass,Poaceae,Null,TNTC,TNTC,4,Wheat top grass,,
358,"MJV14-17-BIO-VT-10,-3-9I",1,68,35.232494,-115.793669,,,Pam Lim,214,Live plant,,,Mojave Yucca,Agavaceae,Yucca schidigera,4,TNTC,4,Mojave yucca,12,
359,"MJV14-17-BIO-VT-10,-3-9J",1,67,35.232483,-115.793603,,,Pam Lim,219,Live plant,,,Creosote Bush,Zygophyllaceae,Larrea tridentada,1,TNTC,4,Creosote bush,,
360,"MJV14-17-BIO-VT-10,-3-9J",1,67,35.232483,-115.793603,,,Pam Lim,219,Live plant,,,Spiky top,Null,Null,TNTC,TNTC,4,Spiky top unknown,,
361,"MJV14-17-BIO-VT-10,-3-9J",1,67,35.232483,-115.793603,,,Pam Lim,219,Live plant,,,Unknown,Null,Null,1,TNTC,4,Unknown,,
362,"MJV14-17-BIO-VT-10,-3-9J",1,67,35.232483,-115.793603,,,Pam Lim,219,Live plant,,,Wheat top grass,Poaceae,Null,TNTC,TNTC,4,Wheat top grass,,
363,"MJV14-17-BIO-VT-10,-3-10A",1,69,35.232647,-115.793598,,,Pam Lim,227,Live plant,,,Hedgehog Cactus,Cactaceae,Echinocereus engelmannii,1,TNTC,4,Hedgehog cactus,,
364,"MJV14-17-BIO-VT-10,-3-10A",1,69,35.232647,-115.793598,,,Pam Lim,227,Live plant,,,Mormon Tea ,Ephedraceae,Ephedra viridis,1,TNTC,4,Mormon tea,,
365,"MJV14-17-BIO-VT-10,-3-10A",1,69,35.232647,-115.793598,,,Pam Lim,227,Live plant,,,Creosote Bush,Zygophyllaceae,Larrea tridentada,1,TNTC,4,Creosote bush,,
366,"MJV14-17-BIO-VT-10,-3-10A",1,69,35.232647,-115.793598,,,Pam Lim,227,Live plant,,,Wheat top grass,Poaceae,Null,TNTC,TNTC,4,Wheat top grass,,
367,"MJV14-17-BIO-VT-10,-3-10B",1,70,35.232682,-115.793736,,,Pam Lim,229,Basalt,,,Buckhorn Cholla,Cactaceae,Cylindropuntia acanthocarpa,1,TNTC,4,Buckhorn cholla,,
368,"MJV14-17-BIO-VT-10,-3-10B",1,70,35.232682,-115.793736,,,Pam Lim,229,Basalt,,,Mormon Tea ,Ephedraceae,Ephedra viridis,1,TNTC,4,Mormon tea,,
369,"MJV14-17-BIO-VT-10,-3-10B",1,70,35.232682,-115.793736,,,Pam Lim,229,Basalt,,,California Buckwheat ,Polygonaceae,Eriogonum fasciculatum,1,TNTC,4,California buckwheat,,
370,"MJV14-17-BIO-VT-10,-3-10B",1,70,35.232682,-115.793736,,,Pam Lim,229,Basalt,,,Wheat top grass,Poaceae,Null,TNTC,TNTC,4,Wheat top grass,,
371,"MJV14-17-BIO-VT-10,-3-10C",1,71,35.232677,-115.793892,,,Pam Lim,231,Live plant,,,Hedgehog Cactus,Cactaceae,Echinocereus engelmannii,1,TNTC,4,Hedgehog cactus,,
372,"MJV14-17-BIO-VT-10,-3-10C",1,71,35.232677,-115.793892,,,Pam Lim,231,Live plant,,,Creosote Bush,Zygophyllaceae,Larrea tridentada,1,TNTC,4,Creosote bush,,
373,"MJV14-17-BIO-VT-10,-3-10C",1,71,35.232677,-115.793892,,,Pam Lim,232,Live plant,,,Pale green,Null,Null,1,TNTC,4,"Unknown ""pale green""",,
374,"MJV14-17-BIO-VT-10,-3-10C",1,71,35.232677,-115.793892,,,Pam Lim,231,Live plant,,,Wheat top grass,Poaceae,Null,TNTC,TNTC,4,Wheat top grass,,
375,"MJV14-17-BIO-VT-10,-3-10D",1,72,35.232671,-115.793993,,,Pam Lim,231,Basalt,,,Hedgehog Cactus,Cactaceae,Echinocereus engelmannii,1,TNTC,5,Hedgehog cactus,,
376,"MJV14-17-BIO-VT-10,-3-10D",1,72,35.232671,-115.793993,,,Pam Lim,231,Basalt,,,Creosote Bush,Zygophyllaceae,Larrea tridentada,1,TNTC,5,Creosote bush,,
377,"MJV14-17-BIO-VT-10,-3-10D",1,72,35.232671,-115.793993,,,Pam Lim,231,Basalt,,,Pale green,Null,Null,1,TNTC,5,"Unknown ""pale green""",,
378,"MJV14-17-BIO-VT-10,-3-10D",1,72,35.232671,-115.793993,,,Pam Lim,231,Basalt,,,Spiky top,Null,Null,TNTC,TNTC,5,Spiky top unknown,,
379,"MJV14-17-BIO-VT-10,-3-10D",1,72,35.232671,-115.793993,,,Pam Lim,231,Basalt,,,Wheat top grass,Poaceae,Null,TNTC,TNTC,5,Wheat top grass,,
380,"MJV14-17-BIO-VT-10,-3-10E",1,73,35.232685,-115.79421,,,Pam Lim,240,Basalt,,,Cottontop Cactus,Cactaceae,Echinocactus polycephalus,1,TNTC,4,Cottontop cactus,,
381,"MJV14-17-BIO-VT-10,-3-10E",1,73,35.232685,-115.79421,,,Pam Lim,240,Basalt,,,Mormon Tea ,Ephedraceae,Ephedra viridis,1,TNTC,4,Mormon tea,,
382,"MJV14-17-BIO-VT-10,-3-10E",1,73,35.232685,-115.79421,,,Pam Lim,240,Basalt,,,Pale green,Null,Null,1,TNTC,4,"Unknown ""pale green""",,
383,"MJV14-17-BIO-VT-10,-3-10E",1,73,35.232685,-115.79421,,,Pam Lim,240,Basalt,,,Wheat top grass,Poaceae,Null,TNTC,TNTC,4,Wheat top grass,,
384,"MJV14-17-BIO-VT-10,-3-10F",1,74,35.232678,-115.794322,,,Pam Lim,249,Basalt,,,White Bursage,Asteraceae,Ambrosia dumosa,1,12,3,White bursage,,
385,"MJV14-17-BIO-VT-10,-3-10F",1,74,35.232678,-115.794322,,,Pam Lim,249,Basalt,,,Wheat top grass,Poaceae,Null,10,12,3,Wheat top grass,,
386,"MJV14-17-BIO-VT-10,-3-10F",1,74,35.232678,-115.794322,,,Pam Lim,249,Basalt,,,,,,1,12,3,Skeleton weed,12,
387,"MJV14-17-BIO-VT-10,-3-10G",1,75,35.232685,-115.794458,,,Pam Lim,245,Basalt,,,Mormon Tea ,Ephedraceae,Ephedra viridis,1,TNTC,3,Mormon tea,,
388,"MJV14-17-BIO-VT-10,-3-10G",1,75,35.232685,-115.794458,,,Pam Lim,245,Basalt,,,Creosote Bush,Zygophyllaceae,Larrea tridentada,1,TNTC,3,Creosote bush,,
389,"MJV14-17-BIO-VT-10,-3-10G",1,75,35.232685,-115.794458,,,Pam Lim,245,Basalt,,,Wheat top grass,Poaceae,Null,TNTC,TNTC,3,Wheat top grass,,
390,"MJV14-17-BIO-VT-10,-3-10H",1,76,35.232653,-115.794521,,,Pam Lim,251,Basalt,,,Mormon Tea ,Ephedraceae,Ephedra viridis,1,12,3,Mormon tea,,
391,"MJV14-17-BIO-VT-10,-3-10H",1,76,35.232653,-115.794521,,,Pam Lim,251,Basalt,,,Wheat top grass,Poaceae,Null,10,12,3,Wheat top grass,,
392,"MJV14-17-BIO-VT-10,-3-10H",1,76,35.232653,-115.794521,,,Pam Lim,251,Basalt,,,,,,1,12,3,Skeleton weed,12,
393,"MJV14-17-BIO-VT-10,-3-10I",1,77,35.232618,-115.794575,,,Pam Lim,254,Basalt,,,Pale green,Null,Null,2,TNTC,2,"Unknown ""pale green""",,
394,"MJV14-17-BIO-VT-10,-3-10I",1,77,35.232618,-115.794575,,,Pam Lim,254,Basalt,,,Wheat top grass,Poaceae,Null,TNTC,TNTC,2,Wheat top grass,,
395,"MJV14-17-BIO-VT-10,-3-10J",1,78,35.232607,-115.79464,,,Pam Lim,259,Basalt,,,Hedgehog Cactus,Cactaceae,Echinocereus engelmannii,1,TNTC,4,Hedgehog cactus,,
396,"MJV14-17-BIO-VT-10,-3-10J",1,78,35.232607,-115.79464,,,Pam Lim,259,Basalt,,,Pale green,Null,Null,1,TNTC,4,"Unknown ""pale green""",,
397,"MJV14-17-BIO-VT-10,-3-10J",1,78,35.232607,-115.79464,,,Pam Lim,259,Basalt,,,Spiky top,Null,Null,TNTC,TNTC,4,Spiky top unknown,,
398,"MJV14-17-BIO-VT-10,-3-10J",1,78,35.232607,-115.79464,,,Pam Lim,259,Basalt,,,Wheat top grass,Poaceae,Null,TNTC,TNTC,4,Wheat top grass,12,