Observation #,Latitude,Longitude,GPS #,WP,Photo,Camera,Cover Class,Incline,Identify Plant,Number,Number Total (vascular),Number Unique,Plant Description,Abstract,Team,Correct ID?,Notes,QC,
MJV10-17-BIO-VT-8.-3-A1,35.232203,-115.795752,3,270,MJV10-17-BIO-VT-8.-3-A1,SM,Gravel,,Ferocactus cylindraceus,1,TMTC,6,Barrel cactus,,Sheila/Teresa,Y,,SM,
MJV10-17-BIO-VT-8.-3-A1,35.232203,-115.795752,3,270,MJV10-17-BIO-VT-8.-3-A1,SM,Gravel,,Eriogonum inflatum,3,TMTC,6,Desert trumpet,,Sheila/Teresa,Y,,SM,
MJV10-17-BIO-VT-8.-3-A1,35.232203,-115.795752,3,270,MJV10-17-BIO-VT-8.-3-A1,SM,Gravel,,Dasyochloa pulchella,10,TMTC,6,Low woollygrass,,Sheila/Teresa,Y,,SM,
MJV10-17-BIO-VT-8.-3-A1,35.232203,-115.795752,3,270,MJV10-17-BIO-VT-8.-3-A1,SM,Gravel,,Wheat top grass clumps,TMTC,TMTC,6,"Unknown ""wheat top""",,Sheila/Teresa,,,SM,
MJV10-17-BIO-VT-8.-3-A1,35.232203,-115.795752,3,270,MJV10-17-BIO-VT-8.-3-A1,SM,Gravel,,Spiky top grass clumps,10,TMTC,6,"Unknown ""spiky top""",,Sheila/Teresa,,,SM,
MJV10-17-BIO-VT-8.-3-A1,35.232203,-115.795752,3,270,MJV10-17-BIO-VT-8.-3-A1,SM,Gravel,,Bromus madritensis ssp. Rubens,TMTC,TMTC,6,Red brome,,Sheila/Teresa,Y,,SM,
MJV10-17-BIO-VT-8.-3-A1,35.232203,-115.795752,3,270,MJV10-17-BIO-VT-8.-3-A1,SM,Gravel,,Green moss,,TMTC,6,"Moss with red stalked, yellow headed spores",,Sheila/Teresa,,,SM,
MJV10-17-BIO-VT-8.-3-A1,35.232203,-115.795752,3,270,MJV10-17-BIO-VT-8.-3-A1,SM,Gravel,,Seedlings,10,TMTC,6,Too young to ID annuals - see pics,,Sheila/Teresa,,,SM,
MJV10-17-BIO-VT-8.-3-A2,35.232256,-115.795773,3,271,MJV10-17-BIO-VT-8.-3-A2,SM,Rock,,Baccharis salicina,1,TMTC,5,Mulefat,,Sheila/Teresa,Y,,SM,
MJV10-17-BIO-VT-8.-3-A2,35.232256,-115.795773,3,271,MJV10-17-BIO-VT-8.-3-A2,SM,Rock,,Wheat top grass clumps,7,TMTC,5,"Unknown ""wheat top""",,Sheila/Teresa,,,SM,
MJV10-17-BIO-VT-8.-3-A2,35.232256,-115.795773,3,271,MJV10-17-BIO-VT-8.-3-A2,SM,Rock,,Bromus madritensis ssp. Rubens,TMTC,TMTC,5,Red brome,,Sheila/Teresa,Y,,SM,
MJV10-17-BIO-VT-8.-3-A2,35.232256,-115.795773,3,271,MJV10-17-BIO-VT-8.-3-A2,SM,Rock,,Spiky top grass clumps,2,TMTC,5,"Unknown ""spiky top""",,Sheila/Teresa,,,SM,
MJV10-17-BIO-VT-8.-3-A2,35.232256,-115.795773,3,271,MJV10-17-BIO-VT-8.-3-A2,SM,Rock,,Thick grass clumps,8,TMTC,5,"Unknown ""thick"" grass clumps - see pic",,Sheila/Teresa,,,SM,
MJV10-17-BIO-VT-8.-3-A3,35.2323,-115.795783,3,272,MJV10-17-BIO-VT-8.-3-A3,SM,Rock,,Eriogonum inflatum,1,16,4,Desert trumpet,,Sheila/Teresa,Y,,SM,
MJV10-17-BIO-VT-8.-3-A3,35.2323,-115.795783,3,272,MJV10-17-BIO-VT-8.-3-A3,SM,Rock,,Bromus madritensis ssp. Rubens,10,16,4,Red brome,,Sheila/Teresa,Y,,SM,
MJV10-17-BIO-VT-8.-3-A3,35.2323,-115.795783,3,272,MJV10-17-BIO-VT-8.-3-A3,SM,Rock,,Wheat top grass clumps,4,16,4,"Unknown ""wheat top""",,Sheila/Teresa,,,SM,
MJV10-17-BIO-VT-8.-3-A3,35.2323,-115.795783,3,272,MJV10-17-BIO-VT-8.-3-A3,SM,Rock,,Fuzzy top grass clumps,1,16,4,"Unknown ""fuzzy top""",,Sheila/Teresa,,,SM,
MJV10-17-BIO-VT-8.-3-A3,35.2323,-115.795783,3,272,MJV10-17-BIO-VT-8.-3-A3,SM,Rock,,Blue lichen,NA,16,4,Blue lichen,,Sheila/Teresa,,,SM,
MJV10-17-BIO-VT-8.-3-A4,35.232356,-115.795756,3,273,MJV10-17-BIO-VT-8.-3-A4,SM,Sand,,Ferocactus cylindraceus,1,TMTC,8,Barrel cactus,,Sheila/Teresa,Y,,SM,
MJV10-17-BIO-VT-8.-3-A4,35.232356,-115.795756,3,273,MJV10-17-BIO-VT-8.-3-A4,SM,Sand,,Echinocereus engelmannii,1,TMTC,9,Hedgehog cactus,,Sheila/Teresa,Y,,SM,
MJV10-17-BIO-VT-8.-3-A4,35.232356,-115.795756,3,273,MJV10-17-BIO-VT-8.-3-A4,SM,Sand,,Ephedra viridis,1,TMTC,10,Morman tea,,Sheila/Teresa,Y,,SM,
MJV10-17-BIO-VT-8.-3-A4,35.232356,-115.795756,3,273,MJV10-17-BIO-VT-8.-3-A4,SM,Sand,,Wheat top grass clumps,TMTC,TMTC,11,"Unknown ""wheat top""",,Sheila/Teresa,,,SM,
MJV10-17-BIO-VT-8.-3-A4,35.232356,-115.795756,3,273,MJV10-17-BIO-VT-8.-3-A4,SM,Sand,,Spiky top grass clumps,1,TMTC,12,"Unknown ""spiky top""",,Sheila/Teresa,,,SM,
MJV10-17-BIO-VT-8.-3-A4,35.232356,-115.795756,3,273,MJV10-17-BIO-VT-8.-3-A4,SM,Sand,,Fine green grass clumps,10,TMTC,13,"Unknown ""fine grass""",,Sheila/Teresa,,,SM,
MJV10-17-BIO-VT-8.-3-A4,35.232356,-115.795756,3,273,MJV10-17-BIO-VT-8.-3-A4,SM,Sand,,Fuzzy top grass clumps,1,TMTC,14,"Unknown ""fuzzy top""",,Sheila/Teresa,,,SM,
MJV10-17-BIO-VT-8.-3-A4,35.232356,-115.795756,3,273,MJV10-17-BIO-VT-8.-3-A4,SM,Sand,,Bromus madritensis ssp. Rubens,TMTC,TMTC,15,Red brome,,Sheila/Teresa,Y,,SM,
MJV10-17-BIO-VT-8.-3-A4,35.232356,-115.795756,3,273,MJV10-17-BIO-VT-8.-3-A4,SM,Sand,,Green moss,NA,TMTC,16,Green moss,,Sheila/Teresa,,,SM,
MJV10-17-BIO-VT-8.-3-A4,35.232356,-115.795756,3,273,MJV10-17-BIO-VT-8.-3-A4,SM,Sand,,White lichen,NA,TMTC,17,White lichen,,Sheila/Teresa,,,SM,
MJV10-17-BIO-VT-8.-3-A5,35.232436,-115.795725,3,274,MJV10-17-BIO-VT-8.-3-A5,SM,Live Plant,,Cylindropuntia acanthocarpa,1,18,5,Buckhorn cholla,,Sheila/Teresa,Y,,SM,
MJV10-17-BIO-VT-8.-3-A5,35.232436,-115.795725,3,274,MJV10-17-BIO-VT-8.-3-A5,SM,Live Plant,,Ferocactus cylindraceus,1,18,5,Barrel cactus,,Sheila/Teresa,Y,,SM,
MJV10-17-BIO-VT-8.-3-A5,35.232436,-115.795725,3,274,MJV10-17-BIO-VT-8.-3-A5,SM,Live Plant,,Ambrosia dumosa,1,18,5,White bursage,,Sheila/Teresa,Y,,SM,
MJV10-17-BIO-VT-8.-3-A5,35.232436,-115.795725,3,274,MJV10-17-BIO-VT-8.-3-A5,SM,Live Plant,,Wheat top grass clumps,5,18,5,"Unknown ""wheat top""",,Sheila/Teresa,,,SM,
MJV10-17-BIO-VT-8.-3-A5,35.232436,-115.795725,3,274,MJV10-17-BIO-VT-8.-3-A5,SM,Live Plant,,Bromus madritensis ssp. Rubens,10,18,5,Red brome,,Sheila/Teresa,Y,,SM,
MJV10-17-BIO-VT-8.-3-A5,35.232436,-115.795725,3,274,MJV10-17-BIO-VT-8.-3-A5,SM,Live Plant,,Seedlings,NA,18,5,Too young to ID annuals,,Sheila/Teresa,,,SM,
MJV10-17-BIO-VT-8.-3-A6,35.232483,-115.795745,3,275,MJV10-17-BIO-VT-8.-3-A6,SM,Basalt,,Echinocereus engelmannii,1,TMTC,10,Hedgehog cactus,,Sheila/Teresa,Y,,SM,
MJV10-17-BIO-VT-8.-3-A6,35.232483,-115.795745,3,275,MJV10-17-BIO-VT-8.-3-A6,SM,Basalt,,Larrea tridentata,1,TMTC,10,Creosote bush,,Sheila/Teresa,Y,,SM,
MJV10-17-BIO-VT-8.-3-A6,35.232483,-115.795745,3,275,MJV10-17-BIO-VT-8.-3-A6,SM,Basalt,,Eriogonum inflatum,4,TMTC,10,Desert trumpet,,Sheila/Teresa,Y,,SM,
MJV10-17-BIO-VT-8.-3-A6,35.232483,-115.795745,3,275,MJV10-17-BIO-VT-8.-3-A6,SM,Basalt,,Ambrosia dumosa,1,TMTC,10,White bursage,,Sheila/Teresa,Y,,SM,
MJV10-17-BIO-VT-8.-3-A6,35.232483,-115.795745,3,275,MJV10-17-BIO-VT-8.-3-A6,SM,Basalt,,Lycium andersonii,1,TMTC,10,Anderson thornbush,,Sheila/Teresa,Y,,SM,
MJV10-17-BIO-VT-8.-3-A6,35.232483,-115.795745,3,275,MJV10-17-BIO-VT-8.-3-A6,SM,Basalt,,Straw flower top grass clumps,4,TMTC,10,"Unknown ""straw flower top""",,Sheila/Teresa,,,SM,
MJV10-17-BIO-VT-8.-3-A6,35.232483,-115.795745,3,275,MJV10-17-BIO-VT-8.-3-A6,SM,Basalt,,Wheat top grass clumps,5,TMTC,10,"Unknown ""wheat top""",,Sheila/Teresa,,,SM,
MJV10-17-BIO-VT-8.-3-A6,35.232483,-115.795745,3,275,MJV10-17-BIO-VT-8.-3-A6,SM,Basalt,,Spiky top grass clumps,5,TMTC,10,"Unknown ""spiky top""",,Sheila/Teresa,,,SM,
MJV10-17-BIO-VT-8.-3-A6,35.232483,-115.795745,3,275,MJV10-17-BIO-VT-8.-3-A6,SM,Basalt,,Fuzzy top grass clumps,1,TMTC,10,"Unknown ""fuzzy top""",,Sheila/Teresa,,,SM,
MJV10-17-BIO-VT-8.-3-A6,35.232483,-115.795745,3,275,MJV10-17-BIO-VT-8.-3-A6,SM,Basalt,,Bromus madritensis ssp. Rubens,TMTC,TMTC,10,Red brome,,Sheila/Teresa,Y,,SM,
MJV10-17-BIO-VT-8.-3-A6,35.232483,-115.795745,3,275,MJV10-17-BIO-VT-8.-3-A6,SM,Basalt,,White lichen,NA,TMTC,10,White lichen,,Sheila/Teresa,,,SM,
MJV10-17-BIO-VT-8.-3-A6,35.232483,-115.795745,3,275,MJV10-17-BIO-VT-8.-3-A6,SM,Basalt,,Green moss,NA,TMTC,10,Green moss,,Sheila/Teresa,,,SM,
MJV10-17-BIO-VT-8.-3-A7,35.232498,-115.795736,3,276,MJV10-17-BIO-VT-8.-3-A7,SM,Basalt,,Ferocactus cylindraceus,1,TMTC,6,Barrel cactus,,Sheila/Teresa,Y,,SM,
MJV10-17-BIO-VT-8.-3-A7,35.232498,-115.795736,3,276,MJV10-17-BIO-VT-8.-3-A7,SM,Basalt,,Atriplex canescens,1,TMTC,6,Four wing saltbush,,Sheila/Teresa,Y,,SM,
MJV10-17-BIO-VT-8.-3-A7,35.232498,-115.795736,3,276,MJV10-17-BIO-VT-8.-3-A7,SM,Basalt,,Lycium andersonii,1,TMTC,6,Anderson thornbush,,Sheila/Teresa,Y,,SM,
MJV10-17-BIO-VT-8.-3-A7,35.232498,-115.795736,3,276,MJV10-17-BIO-VT-8.-3-A7,SM,Basalt,,Fuzzy top grass clumps,1,TMTC,6,"Unknown ""fuzzy top""",,Sheila/Teresa,,,SM,
MJV10-17-BIO-VT-8.-3-A7,35.232498,-115.795736,3,276,MJV10-17-BIO-VT-8.-3-A7,SM,Basalt,,Wheat top grass clumps,4,TMTC,6,"Unknown ""wheat top""",,Sheila/Teresa,,,SM,
MJV10-17-BIO-VT-8.-3-A7,35.232498,-115.795736,3,276,MJV10-17-BIO-VT-8.-3-A7,SM,Basalt,,Bromus madritensis ssp. Rubens,TMTC,TMTC,6,Red brome,,Sheila/Teresa,Y,,SM,
MJV10-17-BIO-VT-8.-3-A8,35.232519,-115.79577,3,277,MJV10-17-BIO-VT-8.-3-A8,SM,Basalt,,Eriogonum inflatum,3,TMTC,9,Desert trumpet,30° incline,Sheila/Teresa,Y,,SM,
MJV10-17-BIO-VT-8.-3-A8,35.232519,-115.79577,3,277,MJV10-17-BIO-VT-8.-3-A8,SM,Basalt,,Ferocactus cylindraceus,1,TMTC,9,Barrel cactus,30° incline,Sheila/Teresa,Y,,SM,
MJV10-17-BIO-VT-8.-3-A8,35.232519,-115.79577,3,277,MJV10-17-BIO-VT-8.-3-A8,SM,Basalt,,Ambrosia dumosa,1,TMTC,9,White bursage,30° incline,Sheila/Teresa,Y,,SM,
MJV10-17-BIO-VT-8.-3-A8,35.232519,-115.79577,3,277,MJV10-17-BIO-VT-8.-3-A8,SM,Basalt,,Dasyochloa pulchella,2,TMTC,9,Low woollygrass,30° incline,Sheila/Teresa,Y,,SM,
MJV10-17-BIO-VT-8.-3-A8,35.232519,-115.79577,3,277,MJV10-17-BIO-VT-8.-3-A8,SM,Basalt,,Fuzzy top grass clumps,1,TMTC,9,"Unknown ""fuzzy top""",30° incline,Sheila/Teresa,,,SM,
MJV10-17-BIO-VT-8.-3-A8,35.232519,-115.79577,3,277,MJV10-17-BIO-VT-8.-3-A8,SM,Basalt,,Wheat top grass clumps,3,TMTC,9,"Unknown ""wheat top""",30° incline,Sheila/Teresa,,,SM,
MJV10-17-BIO-VT-8.-3-A8,35.232519,-115.79577,3,277,MJV10-17-BIO-VT-8.-3-A8,SM,Basalt,,Bromus madritensis ssp. Rubens,TMTC,TMTC,9,Red brome,30° incline,Sheila/Teresa,Y,,SM,
MJV10-17-BIO-VT-8.-3-A8,35.232519,-115.79577,3,277,MJV10-17-BIO-VT-8.-3-A8,SM,Basalt,,White lichen,NA,TMTC,9,White lichen,30° incline,Sheila/Teresa,,,SM,
MJV10-17-BIO-VT-8.-3-A8,35.232519,-115.79577,3,277,MJV10-17-BIO-VT-8.-3-A8,SM,Basalt,,Dead Unknown bush,1,TMTC,9,Dead bush,30° incline,Sheila/Teresa,,,SM,
MJV10-17-BIO-VT-8.-3-A8,35.232519,-115.79577,3,277,MJV10-17-BIO-VT-8.-3-A8,SM,Basalt,,Straw flower top grass clumps,2,TMTC,9,"Unknown ""straw flower top""",30° incline,Sheila/Teresa,,,SM,
MJV10-17-BIO-VT-8.-3-A9,35.232551,-115.795772,3,278,MJV10-17-BIO-VT-8.-3-A9,SM,Basalt,,Encelia farinosa,1,20,6,Brittlebush,,Sheila/Teresa,Y,,SM,
MJV10-17-BIO-VT-8.-3-A9,35.232551,-115.795772,3,278,MJV10-17-BIO-VT-8.-3-A9,SM,Basalt,,Ambrosia dumosa,1,20,6,White bursage,,Sheila/Teresa,Y,,SM,
MJV10-17-BIO-VT-8.-3-A9,35.232551,-115.795772,3,278,MJV10-17-BIO-VT-8.-3-A9,SM,Basalt,,Eriogonum inflatum,3,20,6,Desert trumpet,,Sheila/Teresa,Y,,SM,
MJV10-17-BIO-VT-8.-3-A9,35.232551,-115.795772,3,278,MJV10-17-BIO-VT-8.-3-A9,SM,Basalt,,Cylindropuntia californica,1,20,6,California cholla,,Sheila/Teresa,Y,,SM,
MJV10-17-BIO-VT-8.-3-A9,35.232551,-115.795772,3,278,MJV10-17-BIO-VT-8.-3-A9,SM,Basalt,,Straw flower top grass clumps,3,20,6,"Unknown ""straw flower top""",,Sheila/Teresa,,,SM,
MJV10-17-BIO-VT-8.-3-A9,35.232551,-115.795772,3,278,MJV10-17-BIO-VT-8.-3-A9,SM,Basalt,,Green moss,NA,20,6,Green moss,,Sheila/Teresa,,,SM,
MJV10-17-BIO-VT-8.-3-A9,35.232551,-115.795772,3,278,MJV10-17-BIO-VT-8.-3-A9,SM,Basalt,,Soil crusts,NA,20,6,Soil crusts,,Sheila/Teresa,,,SM,
MJV10-17-BIO-VT-8.-3-A9,35.232551,-115.795772,3,278,MJV10-17-BIO-VT-8.-3-A9,SM,Basalt,,White lichen,NA,20,6,White lichen,,Sheila/Teresa,,,SM,
MJV10-17-BIO-VT-8.-3-A9,35.232551,-115.795772,3,278,MJV10-17-BIO-VT-8.-3-A9,SM,Basalt,,Bromus madritensis ssp. Rubens,10,20,6,Red brome,,Sheila/Teresa,Y,,SM,
MJV10-17-BIO-VT-8.-3-A10,35.232554,-115.795856,3,279,MJV10-17-BIO-VT-8.-3-A10,SM,Basalt,,Larrea tridentata,1,7,7,Creosote bush,,Sheila/Teresa,Y,,SM,
MJV10-17-BIO-VT-8.-3-A10,35.232554,-115.795856,3,279,MJV10-17-BIO-VT-8.-3-A10,SM,Basalt,,Ephedra viridis,1,7,7,Morman tea,,Sheila/Teresa,Y,,SM,
MJV10-17-BIO-VT-8.-3-A10,35.232554,-115.795856,3,279,MJV10-17-BIO-VT-8.-3-A10,SM,Basalt,,Sphaeralcea ambigua,1,7,7,Globemallow,pic,Sheila/Teresa,Y,,SM,
MJV10-17-BIO-VT-8.-3-A10,35.232554,-115.795856,3,279,MJV10-17-BIO-VT-8.-3-A10,SM,Basalt,,Dead Unknown bush,1,7,7,Dead bush,pic,Sheila/Teresa,,,SM,
MJV10-17-BIO-VT-8.-3-A10,35.232554,-115.795856,3,279,MJV10-17-BIO-VT-8.-3-A10,SM,Basalt,,Yucca schidigera,1,7,7,Mojave yucca,,Sheila/Teresa,Y,,SM,
MJV10-17-BIO-VT-8.-3-A10,35.232554,-115.795856,3,279,MJV10-17-BIO-VT-8.-3-A10,SM,Basalt,,Eriogonum inflatum,1,7,7,Desert trumpet,,Sheila/Teresa,Y,,SM,
MJV10-17-BIO-VT-8.-3-A10,35.232554,-115.795856,3,279,MJV10-17-BIO-VT-8.-3-A10,SM,Basalt,,Wheat top grass clumps,1,7,7,"Unknown ""wheat top""",,Sheila/Teresa,,,SM,
MJV10-17-BIO-VT-8.-3-B1,35.232151,35.232151,3,281,MJV10-17-BIO-VT-8.-3-B1,SM,Gravel,,Ephedra viridis,1,TMTC,4,Morman tea,,Sheila/Teresa,Y,,SM,
MJV10-17-BIO-VT-8.-3-B1,35.232151,35.232151,3,281,MJV10-17-BIO-VT-8.-3-B1,SM,Gravel,,Yucca schidigera,1,TMTC,4,Mojave yucca,,Sheila/Teresa,Y,,SM,
MJV10-17-BIO-VT-8.-3-B1,35.232151,35.232151,3,281,MJV10-17-BIO-VT-8.-3-B1,SM,Gravel,,Green moss,NA,TMTC,4,Green moss,,Sheila/Teresa,,,SM,
MJV10-17-BIO-VT-8.-3-B1,35.232151,35.232151,3,281,MJV10-17-BIO-VT-8.-3-B1,SM,Gravel,,Wheat top grass clumps,TMTC,TMTC,4,"Unknown ""wheat top""",,Sheila/Teresa,,,SM,
MJV10-17-BIO-VT-8.-3-B1,35.232151,35.232151,3,281,MJV10-17-BIO-VT-8.-3-B1,SM,Gravel,,Spiky top grass clumps,2,TMTC,4,"Unknown ""spiky top""",,Sheila/Teresa,,,SM,
MJV10-17-BIO-VT-8.-3-B1,35.232151,35.232151,3,281,MJV10-17-BIO-VT-8.-3-B1,SM,Gravel,,Soil crusts,NA,TMTC,4,Soil crusts,,Sheila/Teresa,,,SM,
MJV10-17-BIO-VT-8.-3-B2,35.232118,-115.795822,3,282,MJV10-17-BIO-VT-8.-3-B2,SM,Live Plant,,Larrea tridentata,1,TMTC,3,Creosote bush,,Sheila/Teresa,Y,,SM,
MJV10-17-BIO-VT-8.-3-B2,35.232118,-115.795822,3,282,MJV10-17-BIO-VT-8.-3-B2,SM,Live Plant,,Ambrosia dumosa,4,TMTC,3,White bursage,,Sheila/Teresa,Y,,SM,
MJV10-17-BIO-VT-8.-3-B2,35.232118,-115.795822,3,282,MJV10-17-BIO-VT-8.-3-B2,SM,Live Plant,,Wheat top grass clumps,TMTC,TMTC,3,"Unknown ""wheat top""",,Sheila/Teresa,,,SM,
MJV10-17-BIO-VT-8.-3-B3,35.232065,-115.795825,3,283,MJV10-17-BIO-VT-8.-3-B3,SM,Live Plant,,Cylindropuntia ramosissima,1,TMTC,5,Pencil cholla,,Sheila/Teresa,Y,,SM,
MJV10-17-BIO-VT-8.-3-B3,35.232065,-115.795825,3,283,MJV10-17-BIO-VT-8.-3-B3,SM,Live Plant,,Yucca schidigera,2,TMTC,5,Mojave yucca,,Sheila/Teresa,Y,,SM,
MJV10-17-BIO-VT-8.-3-B3,35.232065,-115.795825,3,283,MJV10-17-BIO-VT-8.-3-B3,SM,Live Plant,,Unknown shrub,1,TMTC,5,unknown shrub,pic,Sheila/Teresa,,,SM,
MJV10-17-BIO-VT-8.-3-B3,35.232065,-115.795825,3,283,MJV10-17-BIO-VT-8.-3-B3,SM,Live Plant,,Wheat top grass clumps,TMTC,TMTC,5,"Unknown ""wheat top""",,Sheila/Teresa,,,SM,
MJV10-17-BIO-VT-8.-3-B3,35.232065,-115.795825,3,283,MJV10-17-BIO-VT-8.-3-B3,SM,Live Plant,,Soil crusts,NA,TMTC,5,Soil crusts,,Sheila/Teresa,,,SM,
MJV10-17-BIO-VT-8.-3-B3,35.232065,-115.795825,3,283,MJV10-17-BIO-VT-8.-3-B3,SM,Live Plant,,Green moss,NA,TMTC,5,Green moss,,Sheila/Teresa,,,SM,
MJV10-17-BIO-VT-8.-3-B3,35.232065,-115.795825,3,283,MJV10-17-BIO-VT-8.-3-B3,SM,Live Plant,,Bromus madritensis ssp. Rubens,TMTC,TMTC,5,Red brome,,Sheila/Teresa,Y,,SM,
MJV10-17-BIO-VT-8.-3-B4,35.232026,-115.795808,3,284,MJV10-17-BIO-VT-8.-3-B4,SM,Gravel,,Eriogonum inflatum,6,TMTC,3,Desert trumpet,,Sheila/Teresa,Y,,SM,
MJV10-17-BIO-VT-8.-3-B4,35.232026,-115.795808,3,284,MJV10-17-BIO-VT-8.-3-B4,SM,Gravel,,Wheat top grass clumps,TMTC,TMTC,3,"Unknown ""wheat top""",,Sheila/Teresa,,,SM,
MJV10-17-BIO-VT-8.-3-B4,35.232026,-115.795808,3,284,MJV10-17-BIO-VT-8.-3-B4,SM,Gravel,,Bromus madritensis ssp. Rubens,TMTC,TMTC,3,Red brome,,Sheila/Teresa,Y,,SM,
MJV10-17-BIO-VT-8.-3-B4,35.232026,-115.795808,3,284,MJV10-17-BIO-VT-8.-3-B4,SM,Gravel,,Seedlings,NA,TMTC,3,seedlings,,Sheila/Teresa,,,SM,
MJV10-17-BIO-VT-8.-3-B5,35.231964,-115.795813,3,285,MJV10-17-BIO-VT-8.-3-B5,SM,Live Plant,,Cylindropuntia ramosissima,1,10,5,Pencil cholla,,Sheila/Teresa,Y,,SM,
MJV10-17-BIO-VT-8.-3-B5,35.231964,-115.795813,3,285,MJV10-17-BIO-VT-8.-3-B5,SM,Live Plant,,Dasyochloa pulchella,4,10,5,Low woollygrass,,Sheila/Teresa,Y,,SM,
MJV10-17-BIO-VT-8.-3-B5,35.231964,-115.795813,3,285,MJV10-17-BIO-VT-8.-3-B5,SM,Live Plant,,Ferocactus cylindraceus,1,10,5,Barrel cactus,,Sheila/Teresa,Y,,SM,
MJV10-17-BIO-VT-8.-3-B5,35.231964,-115.795813,3,285,MJV10-17-BIO-VT-8.-3-B5,SM,Live Plant,,Eriogonum inflatum,3,10,5,Desert trumpet,,Sheila/Teresa,Y,,SM,
MJV10-17-BIO-VT-8.-3-B5,35.231964,-115.795813,3,285,MJV10-17-BIO-VT-8.-3-B5,SM,Live Plant,,Unknown shrub,1,10,5,unknown shrub,Pic,Sheila/Teresa,,,SM,
MJV10-17-BIO-VT-8.-3-B6,35.231936,-115.795836,3,286,MJV10-17-BIO-VT-8.-3-B6,SM,Gravel,,Cylindropuntia ramosissima,1,29,5,Pencil cholla,,Sheila/Teresa,Y,,SM,
MJV10-17-BIO-VT-8.-3-B6,35.231936,-115.795836,3,286,MJV10-17-BIO-VT-8.-3-B6,SM,Gravel,,Dasyochloa pulchella,10,29,5,Low woollygrass,,Sheila/Teresa,Y,,SM,
MJV10-17-BIO-VT-8.-3-B6,35.231936,-115.795836,3,286,MJV10-17-BIO-VT-8.-3-B6,SM,Gravel,,Wheat top grass clumps,7,29,5,"Unknown ""wheat top""",,Sheila/Teresa,,,SM,
MJV10-17-BIO-VT-8.-3-B6,35.231936,-115.795836,3,286,MJV10-17-BIO-VT-8.-3-B6,SM,Gravel,,Eriogonum inflatum,1,29,5,Desert trumpet,,Sheila/Teresa,Y,,SM,
MJV10-17-BIO-VT-8.-3-B6,35.231936,-115.795836,3,286,MJV10-17-BIO-VT-8.-3-B6,SM,Gravel,,Bromus madritensis ssp. Rubens,10,29,5,Red brome,,Sheila/Teresa,Y,,SM,
MJV10-17-BIO-VT-8.-3-B6,35.231936,-115.795836,3,286,MJV10-17-BIO-VT-8.-3-B6,SM,Gravel,,Seedlings,NA,29,5,seedlings,,Sheila/Teresa,,,SM,
MJV10-17-BIO-VT-8.-3-B7,35.231922,-115.795846,3,287,MJV10-17-BIO-VT-8.-3-B7,SM,Gravel,,Ambrosia dumosa,1,15,5,White bursage,2 green beetles - pic,Sheila/Teresa,Y,,SM,
MJV10-17-BIO-VT-8.-3-B7,35.231922,-115.795846,3,287,MJV10-17-BIO-VT-8.-3-B7,SM,Gravel,,Dasyochloa pulchella,4,15,5,Low woollygrass,incline 20°,Sheila/Teresa,Y,,SM,
MJV10-17-BIO-VT-8.-3-B7,35.231922,-115.795846,3,287,MJV10-17-BIO-VT-8.-3-B7,SM,Gravel,,Wheat top grass clumps,7,15,5,"Unknown ""wheat top""",,Sheila/Teresa,,,SM,
MJV10-17-BIO-VT-8.-3-B7,35.231922,-115.795846,3,287,MJV10-17-BIO-VT-8.-3-B7,SM,Gravel,,Eriogonum inflatum,2,15,5,Desert trumpet,,Sheila/Teresa,Y,,SM,
MJV10-17-BIO-VT-8.-3-B7,35.231922,-115.795846,3,287,MJV10-17-BIO-VT-8.-3-B7,SM,Gravel,,Fuzzy top grass clumps,1,15,5,"Unknown ""fuzzy top""",,Sheila/Teresa,,,SM,
MJV10-17-BIO-VT-8.-3-B8,35.231895,-115.795865,3,288,MJV10-17-BIO-VT-8.-3-B8,SM,Granite,,Echinocereus engelmannii,1,TMTC,5,Hedgehog cactus,,Sheila/Teresa,Y,,SM,
MJV10-17-BIO-VT-8.-3-B8,35.231895,-115.795865,3,288,MJV10-17-BIO-VT-8.-3-B8,SM,Granite,,Larrea tridentata,1,TMTC,5,Creosote bush,,Sheila/Teresa,Y,,SM,
MJV10-17-BIO-VT-8.-3-B8,35.231895,-115.795865,3,288,MJV10-17-BIO-VT-8.-3-B8,SM,Granite,,Ericameria paniculata,1,TMTC,5,Mojave rabbitbush,,Sheila/Teresa,,,SM,
MJV10-17-BIO-VT-8.-3-B8,35.231895,-115.795865,3,288,MJV10-17-BIO-VT-8.-3-B8,SM,Granite,,Wheat top grass clumps,TMTC,TMTC,5,"Unknown ""wheat top""",,Sheila/Teresa,,,SM,
MJV10-17-BIO-VT-8.-3-B8,35.231895,-115.795865,3,288,MJV10-17-BIO-VT-8.-3-B8,SM,Granite,,Bromus madritensis ssp. Rubens,TMTC,TMTC,5,Red brome,,Sheila/Teresa,Y,,SM,
MJV10-17-BIO-VT-8.-3-B8,35.231895,-115.795865,3,288,MJV10-17-BIO-VT-8.-3-B8,SM,Granite,,Seedlings,NA,TMTC,5,seedlings,,Sheila/Teresa,,,SM,
MJV10-17-BIO-VT-8.-3-B9,35.231859,-115.795887,3,289,MJV10-17-BIO-VT-8.-3-B9,SM,Granite,,Yucca schidigera,2,TMTC,5,Mojave yucca,Lots of rat poop on basalt rock,Sheila/Teresa,Y,,SM,
MJV10-17-BIO-VT-8.-3-B9,35.231859,-115.795887,3,289,MJV10-17-BIO-VT-8.-3-B9,SM,Granite,,Unknown shrub,1,TMTC,5,unknown shrub,pic - 2,Sheila/Teresa,,,SM,
MJV10-17-BIO-VT-8.-3-B9,35.231859,-115.795887,3,289,MJV10-17-BIO-VT-8.-3-B9,SM,Granite,,Wheat top grass clumps,TMTC,TMTC,5,"Unknown ""wheat top""",,Sheila/Teresa,,,SM,
MJV10-17-BIO-VT-8.-3-B9,35.231859,-115.795887,3,289,MJV10-17-BIO-VT-8.-3-B9,SM,Granite,,Fine green grass clumps,TMTC,TMTC,5,"Unknown ""fine grass""",,Sheila/Teresa,,,SM,
MJV10-17-BIO-VT-8.-3-B9,35.231859,-115.795887,3,289,MJV10-17-BIO-VT-8.-3-B9,SM,Granite,,Bromus madritensis ssp. Rubens,TMTC,TMTC,5,Red brome,,Sheila/Teresa,Y,,SM,
MJV10-17-BIO-VT-8.-3-B10,35.23182,-115.795858,3,290,MJV10-17-BIO-VT-8.-3-B10,SM,Gravel,,Unknown shrub,1,TMTC,3,Unknown (red) shrub,pic,Sheila/Teresa,,,SM,
MJV10-17-BIO-VT-8.-3-B10,35.23182,-115.795858,3,290,MJV10-17-BIO-VT-8.-3-B10,SM,Gravel,,Ephedra viridis,1,TMTC,3,Morman tea,,Sheila/Teresa,Y,,SM,
MJV10-17-BIO-VT-8.-3-B10,35.23182,-115.795858,3,290,MJV10-17-BIO-VT-8.-3-B10,SM,Gravel,,Wheat top grass clumps,TMTC,TMTC,3,"Unknown ""wheat top""",,Sheila/Teresa,,,SM,
MJV10-17-BIO-VT-8.-3-B10,35.23182,-115.795858,3,290,MJV10-17-BIO-VT-8.-3-B10,SM,Gravel,,Green moss,NA,TMTC,3,Green moss,,Sheila/Teresa,,,SM,
MJV10-17-BIO-VT-8.-3-B10,35.23182,-115.795858,3,290,MJV10-17-BIO-VT-8.-3-B10,SM,Gravel,,Lichen,NA,TMTC,3,"Gold, orange, yellow, white lichen",pic,Sheila/Teresa,,,SM,
MJV10-17-BIO-VT-8.-3-B10,35.23182,-115.795858,3,290,MJV10-17-BIO-VT-8.-3-B10,SM,Gravel,,Soil crusts,NA,TMTC,3,Soil crusts,,Sheila/Teresa,,,SM,
MJV10-17-BIO-VT-8.-3-C1,35.232126,-115.795973,3,291,MJV10-17-BIO-VT-8.-3-C1,SM,Gravel,,Opuntia basilaris,1,TMTC,6,Beavertail cactus,,Sheila/Teresa,Y,,SM,
MJV10-17-BIO-VT-8.-3-C1,35.232126,-115.795973,3,291,MJV10-17-BIO-VT-8.-3-C1,SM,Gravel,,Dasyochloa pulchella,6,TMTC,6,Low woollygrass,,Sheila/Teresa,Y,,SM,
MJV10-17-BIO-VT-8.-3-C1,35.232126,-115.795973,3,291,MJV10-17-BIO-VT-8.-3-C1,SM,Gravel,,Bromus madritensis ssp. Rubens,TMTC,TMTC,6,Red brome,,Sheila/Teresa,Y,,SM,
MJV10-17-BIO-VT-8.-3-C1,35.232126,-115.795973,3,291,MJV10-17-BIO-VT-8.-3-C1,SM,Gravel,,Baccharis salicina,1,TMTC,6,Mulefat,,Sheila/Teresa,Y,,SM,
MJV10-17-BIO-VT-8.-3-C1,35.232126,-115.795973,3,291,MJV10-17-BIO-VT-8.-3-C1,SM,Gravel,,Unknown shrub,2,TMTC,6,unknown shrub,pic,Sheila/Teresa,,,SM,
MJV10-17-BIO-VT-8.-3-C1,35.232126,-115.795973,3,291,MJV10-17-BIO-VT-8.-3-C1,SM,Gravel,,Ambrosia dumosa,1,TMTC,6,White bursage,,Sheila/Teresa,Y,,SM,
MJV10-17-BIO-VT-8.-3-C1,35.232126,-115.795973,3,291,MJV10-17-BIO-VT-8.-3-C1,SM,Gravel,,Seedlings,NA,TMTC,6,seedlings,,Sheila/Teresa,,,SM,
MJV10-17-BIO-VT-8.-3-C2,35.232171,-115.795969,3,292,MJV10-17-BIO-VT-8.-3-C2,SM,Granite,,Lycium andersonii,1,TMTC,5,Anderson thornbush,,Sheila/Teresa,Y,,SM,
MJV10-17-BIO-VT-8.-3-C2,35.232171,-115.795969,3,292,MJV10-17-BIO-VT-8.-3-C2,SM,Granite,,Wheat top grass clumps,TMTC,TMTC,5,"Unknown ""wheat top""",,Sheila/Teresa,,,SM,
MJV10-17-BIO-VT-8.-3-C2,35.232171,-115.795969,3,292,MJV10-17-BIO-VT-8.-3-C2,SM,Granite,,Eriogonum inflatum,1,TMTC,5,Desert trumpet,,Sheila/Teresa,Y,,SM,
MJV10-17-BIO-VT-8.-3-C2,35.232171,-115.795969,3,292,MJV10-17-BIO-VT-8.-3-C2,SM,Granite,,Bromus madritensis ssp. Rubens,TMTC,TMTC,5,Red brome,,Sheila/Teresa,,,SM,
MJV10-17-BIO-VT-8.-3-C2,35.232171,-115.795969,3,292,MJV10-17-BIO-VT-8.-3-C2,SM,Granite,,Ambrosia dumosa,1,TMTC,5,White bursage,,Sheila/Teresa,Y,,SM,
MJV10-17-BIO-VT-8.-3-C2,35.232171,-115.795969,3,292,MJV10-17-BIO-VT-8.-3-C2,SM,Granite,,Green moss,NA,TMTC,5,Green moss,,Sheila/Teresa,,,SM,
MJV10-17-BIO-VT-8.-3-C3,35.232218,-115.795991,3,293,MJV10-17-BIO-VT-8.-3-C3,SM,Gravel,,Echinocereus engelmannii,1,TMTC,5,Hedgehog cactus,,Sheila/Teresa,Y,,SM,
MJV10-17-BIO-VT-8.-3-C3,35.232218,-115.795991,3,293,MJV10-17-BIO-VT-8.-3-C3,SM,Gravel,,Unknown shrub,1,TMTC,5,unknown shrub,,Sheila/Teresa,,,SM,
MJV10-17-BIO-VT-8.-3-C3,35.232218,-115.795991,3,293,MJV10-17-BIO-VT-8.-3-C3,SM,Gravel,,Lycium andersonii,1,TMTC,5,Anderson thornbush,,Sheila/Teresa,Y,,SM,
MJV10-17-BIO-VT-8.-3-C3,35.232218,-115.795991,3,293,MJV10-17-BIO-VT-8.-3-C3,SM,Gravel,,Wheat top grass clumps,TMTC,TMTC,5,"Unknown ""wheat top""",,Sheila/Teresa,,,SM,
MJV10-17-BIO-VT-8.-3-C3,35.232218,-115.795991,3,293,MJV10-17-BIO-VT-8.-3-C3,SM,Gravel,,Bromus madritensis ssp. Rubens,TMTC,TMTC,5,Red brome,,Sheila/Teresa,Y,,SM,
MJV10-17-BIO-VT-8.-3-C3,35.232218,-115.795991,3,293,MJV10-17-BIO-VT-8.-3-C3,SM,Gravel,,Green moss,NA,TMTC,5,Green moss,,Sheila/Teresa,,,SM,
MJV10-17-BIO-VT-8.-3-C3,35.232218,-115.795991,3,293,MJV10-17-BIO-VT-8.-3-C3,SM,Gravel,,Seedlings,NA,TMTC,5,seedlings,,Sheila/Teresa,,,SM,
MJV10-17-BIO-VT-8.-3-C4,35.232249,-115.795995,3,294,MJV10-17-BIO-VT-8.-3-C4,SM,Live Plant,,Baccharis salicina,3,TMTC,5,Mulefat,,Sheila/Teresa,Y,,SM,
MJV10-17-BIO-VT-8.-3-C4,35.232249,-115.795995,3,294,MJV10-17-BIO-VT-8.-3-C4,SM,Live Plant,,Spiky top grass clumps,5,TMTC,5,"Unknown ""spiky top""",,Sheila/Teresa,,,SM,
MJV10-17-BIO-VT-8.-3-C4,35.232249,-115.795995,3,294,MJV10-17-BIO-VT-8.-3-C4,SM,Live Plant,,Bromus madritensis ssp. Rubens,TMTC,TMTC,5,Red brome,,Sheila/Teresa,Y,,SM,
MJV10-17-BIO-VT-8.-3-C4,35.232249,-115.795995,3,294,MJV10-17-BIO-VT-8.-3-C4,SM,Live Plant,,Wheat top grass clumps,TMTC,TMTC,5,"Unknown ""wheat top""",,Sheila/Teresa,,,SM,
MJV10-17-BIO-VT-8.-3-C4,35.232249,-115.795995,3,294,MJV10-17-BIO-VT-8.-3-C4,SM,Live Plant,,Green moss,NA,TMTC,5,Green moss,,Sheila/Teresa,,,SM,
MJV10-17-BIO-VT-8.-3-C4,35.232249,-115.795995,3,294,MJV10-17-BIO-VT-8.-3-C4,SM,Live Plant,,Unknown shrub,1,TMTC,5,unknown shrub,dead,Sheila/Teresa,,,SM,
MJV10-17-BIO-VT-8.-3-C5,35.232295,-115.795991,3,295,MJV10-17-BIO-VT-8.-3-C5,SM,Basalt,,Peritoma arborea,1,TMTC,8,Bladderpod,red ants,Sheila/Teresa,Y,,SM,
MJV10-17-BIO-VT-8.-3-C5,35.232295,-115.795991,3,295,MJV10-17-BIO-VT-8.-3-C5,SM,Basalt,,Echinocactus polycephalus,2,TMTC,8,Cottontop cactus,,Sheila/Teresa,Y,,SM,
MJV10-17-BIO-VT-8.-3-C5,35.232295,-115.795991,3,295,MJV10-17-BIO-VT-8.-3-C5,SM,Basalt,,Sphaeralcea ambigua,1,TMTC,8,Globemallow,,Sheila/Teresa,Y,,SM,
MJV10-17-BIO-VT-8.-3-C5,35.232295,-115.795991,3,295,MJV10-17-BIO-VT-8.-3-C5,SM,Basalt,,Unknown shrub,1,TMTC,8,Dead bush,,Sheila/Teresa,,,SM,
MJV10-17-BIO-VT-8.-3-C5,35.232295,-115.795991,3,295,MJV10-17-BIO-VT-8.-3-C5,SM,Basalt,,Wheat top grass clumps,5,TMTC,8,"Unknown ""wheat top""",,Sheila/Teresa,,,SM,
MJV10-17-BIO-VT-8.-3-C5,35.232295,-115.795991,3,295,MJV10-17-BIO-VT-8.-3-C5,SM,Basalt,,Bromus madritensis ssp. Rubens,TMTC,TMTC,8,Red brome,,Sheila/Teresa,Y,,SM,
MJV10-17-BIO-VT-8.-3-C5,35.232295,-115.795991,3,295,MJV10-17-BIO-VT-8.-3-C5,SM,Basalt,,Seedlings,NA,TMTC,8,seedlings,,Sheila/Teresa,,,SM,
MJV10-17-BIO-VT-8.-3-C5,35.232295,-115.795991,3,295,MJV10-17-BIO-VT-8.-3-C5,SM,Basalt,,Tidestromia suffruticosa,1,TMTC,8,Honeysweet,pic,Sheila/Teresa,Y,,SM,
MJV10-17-BIO-VT-8.-3-C5,35.232295,-115.795991,3,295,MJV10-17-BIO-VT-8.-3-C5,SM,Basalt,,Straw flower top grass clumps,1,TMTC,8,"Unknown ""straw flower top""",,Sheila/Teresa,,,SM,
MJV10-17-BIO-VT-8.-3-C6,35.232347,-115.795998,3,296,MJV10-17-BIO-VT-8.-3-C6,SM,Basalt,,Echinocactus polycephalus,2,TMTC,5,Cottontop cactus,,Sheila/Teresa,Y,,SM,
MJV10-17-BIO-VT-8.-3-C6,35.232347,-115.795998,3,296,MJV10-17-BIO-VT-8.-3-C6,SM,Basalt,,Atriplex canescens,1,TMTC,5,Saltbush,pic,Sheila/Teresa,Y,,SM,
MJV10-17-BIO-VT-8.-3-C6,35.232347,-115.795998,3,296,MJV10-17-BIO-VT-8.-3-C6,SM,Basalt,,Straw flower top grass clumps,1,TMTC,5,"Unknown ""straw flower top""",,Sheila/Teresa,,,SM,
MJV10-17-BIO-VT-8.-3-C6,35.232347,-115.795998,3,296,MJV10-17-BIO-VT-8.-3-C6,SM,Basalt,,Wheat top grass clumps,TMTC,TMTC,5,"Unknown ""wheat top""",,Sheila/Teresa,,,SM,
MJV10-17-BIO-VT-8.-3-C6,35.232347,-115.795998,3,296,MJV10-17-BIO-VT-8.-3-C6,SM,Basalt,,Bromus madritensis ssp. Rubens,TMTC,TMTC,5,Red brome,,Sheila/Teresa,Y,,SM,
MJV10-17-BIO-VT-8.-3-C7,35.23238,-115.796016,3,297,MJV10-17-BIO-VT-8.-3-C7,SM,Basalt,,Ephedra viridis,1,4,4,Morman tea,,Sheila/Teresa,Y,,SM,
MJV10-17-BIO-VT-8.-3-C7,35.23238,-115.796016,3,297,MJV10-17-BIO-VT-8.-3-C7,SM,Basalt,,Opuntia basilaris,1,4,4,Beavertail cactus,,Sheila/Teresa,Y,,SM,
MJV10-17-BIO-VT-8.-3-C7,35.23238,-115.796016,3,297,MJV10-17-BIO-VT-8.-3-C7,SM,Basalt,,Atriplex canescens,1,4,4,Saltbush,,Sheila/Teresa,Y,,SM,
MJV10-17-BIO-VT-8.-3-C7,35.23238,-115.796016,3,297,MJV10-17-BIO-VT-8.-3-C7,SM,Basalt,,Echinocereus engelmannii,1,4,4,Hedgehog cactus,,Sheila/Teresa,Y,,SM,
MJV10-17-BIO-VT-8.-3-C7,35.23238,-115.796016,3,297,MJV10-17-BIO-VT-8.-3-C7,SM,Basalt,,Green moss,NA,4,4,Green moss,,Sheila/Teresa,,,SM,
MJV10-17-BIO-VT-8.-3-C8,35.232423,-115.796029,3,298,MJV10-17-BIO-VT-8.-3-C8,SM,Live Plant,,Ferocactus cylindraceus,1,TMTC,7,Barrel cactus,,Sheila/Teresa,Y,,SM,
MJV10-17-BIO-VT-8.-3-C8,35.232423,-115.796029,3,298,MJV10-17-BIO-VT-8.-3-C8,SM,Live Plant,,Echinocactus polycephalus,1,TMTC,7,Cottontop cactus,,Sheila/Teresa,Y,,SM,
MJV10-17-BIO-VT-8.-3-C8,35.232423,-115.796029,3,298,MJV10-17-BIO-VT-8.-3-C8,SM,Live Plant,,Larrea tridentata,1,TMTC,7,Creosote bush,,Sheila/Teresa,Y,,SM,
MJV10-17-BIO-VT-8.-3-C8,35.232423,-115.796029,3,298,MJV10-17-BIO-VT-8.-3-C8,SM,Live Plant,,Fuzzy top grass clumps,1,TMTC,7,"Unknown ""fuzzy top""",,Sheila/Teresa,,,SM,
MJV10-17-BIO-VT-8.-3-C8,35.232423,-115.796029,3,298,MJV10-17-BIO-VT-8.-3-C8,SM,Live Plant,,Green moss,NA,TMTC,7,Green moss,,Sheila/Teresa,,,SM,
MJV10-17-BIO-VT-8.-3-C8,35.232423,-115.796029,3,298,MJV10-17-BIO-VT-8.-3-C8,SM,Live Plant,,Straw flower top grass clumps,2,TMTC,7,"Unknown ""straw flower top""",,Sheila/Teresa,,,SM,
MJV10-17-BIO-VT-8.-3-C8,35.232423,-115.796029,3,298,MJV10-17-BIO-VT-8.-3-C8,SM,Live Plant,,Wheat top grass clumps,4,TMTC,7,"Unknown ""wheat top""",,Sheila/Teresa,,,SM,
MJV10-17-BIO-VT-8.-3-C8,35.232423,-115.796029,3,298,MJV10-17-BIO-VT-8.-3-C8,SM,Live Plant,,Bromus madritensis ssp. Rubens,TMTC,TMTC,7,Red brome,,Sheila/Teresa,Y,,SM,
MJV10-17-BIO-VT-8.-3-C8,35.232423,-115.796029,3,298,MJV10-17-BIO-VT-8.-3-C8,SM,Live Plant,,Seedlings,NA,TMTC,7,seedlings,,Sheila/Teresa,,,SM,
MJV10-17-BIO-VT-8.-3-C8,35.232423,-115.796029,3,298,MJV10-17-BIO-VT-8.-3-C8,SM,Live Plant,,White lichen,NA,TMTC,7,White lichen,,Sheila/Teresa,,,SM,
MJV10-17-BIO-VT-8.-3-C9,35.232467,-115.796035,3,299,MJV10-17-BIO-VT-8.-3-C9,SM,Basalt,,Larrea tridentata,1,22,6,Creosote bush,,Sheila/Teresa,Y,,SM,
MJV10-17-BIO-VT-8.-3-C9,35.232467,-115.796035,3,299,MJV10-17-BIO-VT-8.-3-C9,SM,Basalt,,Ferocactus cylindraceus,1,22,6,Barrel cactus,,Sheila/Teresa,Y,,SM,
MJV10-17-BIO-VT-8.-3-C9,35.232467,-115.796035,3,299,MJV10-17-BIO-VT-8.-3-C9,SM,Basalt,,Ambrosia dumosa,1,22,6,White bursage,,Sheila/Teresa,Y,,SM,
MJV10-17-BIO-VT-8.-3-C9,35.232467,-115.796035,3,299,MJV10-17-BIO-VT-8.-3-C9,SM,Basalt,,White lichen,NA,22,6,White lichen,,Sheila/Teresa,Y,,SM,
MJV10-17-BIO-VT-8.-3-C9,35.232467,-115.796035,3,299,MJV10-17-BIO-VT-8.-3-C9,SM,Basalt,,Straw flower top grass clumps,7,22,6,"Unknown ""straw flower top""",,Sheila/Teresa,,,SM,
MJV10-17-BIO-VT-8.-3-C9,35.232467,-115.796035,3,299,MJV10-17-BIO-VT-8.-3-C9,SM,Basalt,,Wheat top grass clumps,2,22,6,"Unknown ""wheat top""",,Sheila/Teresa,,,SM,
MJV10-17-BIO-VT-8.-3-C9,35.232467,-115.796035,3,299,MJV10-17-BIO-VT-8.-3-C9,SM,Basalt,,Bromus madritensis ssp. Rubens,10,22,6,Red brome,,Sheila/Teresa,Y,,SM,
MJV10-17-BIO-VT-8.-3-C10,35.232553,-115.796036,3,300,MJV10-17-BIO-VT-8.-3-C10,SM,Gravel,,Encelia farinosa,4,5,2,Brittlebush,,Sheila/Teresa,Y,,SM,
MJV10-17-BIO-VT-8.-3-C10,35.232553,-115.796036,3,300,MJV10-17-BIO-VT-8.-3-C10,SM,Gravel,,Larrea tridentata,1,5,2,Creosote bush,,Sheila/Teresa,Y,,SM,
MJV10-17-BIO-VT-8.-3-D1,35.23219,-115.796098,3,301,MJV10-17-BIO-VT-8.-3-D1,SM,Gravel,,Cylindropuntia acanthocarpa,1,TMTC,5,Buckhorn cholla,,Sheila/Teresa,Y,,SM,
MJV10-17-BIO-VT-8.-3-D1,35.23219,-115.796098,3,301,MJV10-17-BIO-VT-8.-3-D1,SM,Gravel,,Tidestromia suffruticosa,4,TMTC,5,Honeysweet,,Sheila/Teresa,Y,,SM,
MJV10-17-BIO-VT-8.-3-D1,35.23219,-115.796098,3,301,MJV10-17-BIO-VT-8.-3-D1,SM,Gravel,,Wheat top grass clumps,TMTC,TMTC,5,"Unknown ""wheat top""",,Sheila/Teresa,,,SM,
MJV10-17-BIO-VT-8.-3-D1,35.23219,-115.796098,3,301,MJV10-17-BIO-VT-8.-3-D1,SM,Gravel,,Bromus madritensis ssp. Rubens,TMTC,TMTC,5,Red brome,,Sheila/Teresa,Y,,SM,
MJV10-17-BIO-VT-8.-3-D1,35.23219,-115.796098,3,301,MJV10-17-BIO-VT-8.-3-D1,SM,Gravel,,Unknown shrub,1,TMTC,5,unknown shrub,dead or dormant,Sheila/Teresa,,,SM,
MJV10-17-BIO-VT-8.-3-D2,35.232173,-115.796108,3,302,MJV10-17-BIO-VT-8.-3-D2,SM,Granite,,Baccharis salicina,1,TMTC,8,Mulefat,,Sheila/Teresa,Y,,SM,
MJV10-17-BIO-VT-8.-3-D2,35.232173,-115.796108,3,302,MJV10-17-BIO-VT-8.-3-D2,SM,Granite,,Tidestromia suffruticosa,1,TMTC,8,Honeysweet,,Sheila/Teresa,Y,,SM,
MJV10-17-BIO-VT-8.-3-D2,35.232173,-115.796108,3,302,MJV10-17-BIO-VT-8.-3-D2,SM,Granite,,Bromus madritensis ssp. Rubens,TMTC,TMTC,8,Red brome,,Sheila/Teresa,Y,,SM,
MJV10-17-BIO-VT-8.-3-D2,35.232173,-115.796108,3,302,MJV10-17-BIO-VT-8.-3-D2,SM,Granite,,Eriogonum inflatum,1,TMTC,8,Desert trumpet,,Sheila/Teresa,Y,,SM,
MJV10-17-BIO-VT-8.-3-D2,35.232173,-115.796108,3,302,MJV10-17-BIO-VT-8.-3-D2,SM,Granite,,Spiky top grass clumps,TMTC,TMTC,8,"Unknown ""spiky top""",,Sheila/Teresa,,,SM,
MJV10-17-BIO-VT-8.-3-D2,35.232173,-115.796108,3,302,MJV10-17-BIO-VT-8.-3-D2,SM,Granite,,Wheat top grass clumps,TMTC,TMTC,8,"Unknown ""wheat top""",,Sheila/Teresa,,,SM,
MJV10-17-BIO-VT-8.-3-D2,35.232173,-115.796108,3,302,MJV10-17-BIO-VT-8.-3-D2,SM,Granite,,Echinocereus engelmannii,1,TMTC,8,Hedgehog cactus,dead,Sheila/Teresa,Y,,SM,
MJV10-17-BIO-VT-8.-3-D2,35.232173,-115.796108,3,302,MJV10-17-BIO-VT-8.-3-D2,SM,Granite,,Green moss,NA,TMTC,8,Green moss,,Sheila/Teresa,,,SM,
MJV10-17-BIO-VT-8.-3-D2,35.232173,-115.796108,3,302,MJV10-17-BIO-VT-8.-3-D2,SM,Granite,,Unknown shrub,1,TMTC,8,unknown shrub,dead or dormant,Sheila/Teresa,,,SM,
MJV10-17-BIO-VT-8.-3-D3,35.232105,-115.796126,3,304,MJV10-17-BIO-VT-8.-3-D3,SM,Gravel,,Ferocactus cylindraceus,1,TMTC,6,Barrel cactus,,Sheila/Teresa,Y,,SM,
MJV10-17-BIO-VT-8.-3-D3,35.232105,-115.796126,3,304,MJV10-17-BIO-VT-8.-3-D3,SM,Gravel,,Unknown shrub,1,TMTC,6,unknown shrub,,Sheila/Teresa,,,SM,
MJV10-17-BIO-VT-8.-3-D3,35.232105,-115.796126,3,304,MJV10-17-BIO-VT-8.-3-D3,SM,Gravel,,Wheat top grass clumps,TMTC,TMTC,6,"Unknown ""wheat top""",,Sheila/Teresa,,,SM,
MJV10-17-BIO-VT-8.-3-D3,35.232105,-115.796126,3,304,MJV10-17-BIO-VT-8.-3-D3,SM,Gravel,,Straw flower top grass clumps,1,TMTC,6,"Unknown ""straw flower top""",,Sheila/Teresa,,,SM,
MJV10-17-BIO-VT-8.-3-D3,35.232105,-115.796126,3,304,MJV10-17-BIO-VT-8.-3-D3,SM,Gravel,,Bromus madritensis ssp. Rubens,TMTC,TMTC,6,Red brome,,Sheila/Teresa,Y,,SM,
MJV10-17-BIO-VT-8.-3-D3,35.232105,-115.796126,3,304,MJV10-17-BIO-VT-8.-3-D3,SM,Gravel,,Eriogonum inflatum,1,TMTC,6,Desert trumpet,,Sheila/Teresa,Y,,SM,
MJV10-17-BIO-VT-8.-3-D4,35.232078,-115.796121,3,305,MJV10-17-BIO-VT-8.-3-D4,SM,Gravel,,Wheat top grass clumps,10,13,4,"Unknown ""wheat top""",,Sheila/Teresa,,,SM,
MJV10-17-BIO-VT-8.-3-D4,35.232078,-115.796121,3,305,MJV10-17-BIO-VT-8.-3-D4,SM,Gravel,,Eriogonum inflatum,1,13,4,Desert trumpet,,Sheila/Teresa,Y,,SM,
MJV10-17-BIO-VT-8.-3-D4,35.232078,-115.796121,3,305,MJV10-17-BIO-VT-8.-3-D4,SM,Gravel,,Echinocereus engelmannii,1,13,4,Hedgehog cactus,,Sheila/Teresa,Y,,SM,
MJV10-17-BIO-VT-8.-3-D4,35.232078,-115.796121,3,305,MJV10-17-BIO-VT-8.-3-D4,SM,Gravel,,Seedlings,NA,13,4,seedlings,,Sheila/Teresa,,,SM,
MJV10-17-BIO-VT-8.-3-D4,35.232078,-115.796121,3,305,MJV10-17-BIO-VT-8.-3-D4,SM,Gravel,,Unknown shrub,1,13,4,unknown shrub,dead or dormant,Sheila/Teresa,,,SM,
MJV10-17-BIO-VT-8.-3-D5,35.231997,-115.796112,3,306,MJV10-17-BIO-VT-8.-3-D5,SM,Sand,,Larrea tridentata,1,TMTC,6,Creosote bush,,Sheila/Teresa,Y,,SM,
MJV10-17-BIO-VT-8.-3-D5,35.231997,-115.796112,3,306,MJV10-17-BIO-VT-8.-3-D5,SM,Sand,,Lycium andersonii,1,TMTC,6,Anderson thornbush,,Sheila/Teresa,Y,,SM,
MJV10-17-BIO-VT-8.-3-D5,35.231997,-115.796112,3,306,MJV10-17-BIO-VT-8.-3-D5,SM,Sand,,Eriogonum inflatum,1,TMTC,6,Desert trumpet,,Sheila/Teresa,Y,,SM,
MJV10-17-BIO-VT-8.-3-D5,35.231997,-115.796112,3,306,MJV10-17-BIO-VT-8.-3-D5,SM,Sand,,Wheat top grass clumps,TMTC,TMTC,6,"Unknown ""wheat top""",,Sheila/Teresa,,,SM,
MJV10-17-BIO-VT-8.-3-D5,35.231997,-115.796112,3,306,MJV10-17-BIO-VT-8.-3-D5,SM,Sand,,Bromus madritensis ssp. Rubens,TMTC,TMTC,6,Red brome,,Sheila/Teresa,Y,,SM,
MJV10-17-BIO-VT-8.-3-D5,35.231997,-115.796112,3,306,MJV10-17-BIO-VT-8.-3-D5,SM,Sand,,Green moss,NA,TMTC,6,Green moss,,Sheila/Teresa,,,SM,
MJV10-17-BIO-VT-8.-3-D5,35.231997,-115.796112,3,306,MJV10-17-BIO-VT-8.-3-D5,SM,Sand,,Spiky top grass clumps,3,TMTC,6,"Unknown ""spiky top""",,Sheila/Teresa,,,SM,
MJV10-17-BIO-VT-8.-3-D6,35.231975,-115.796132,3,307,MJV10-17-BIO-VT-8.-3-D6,SM,Gravel,,Yucca schidigera,1,TMTC,7,Mojave yucca,,Sheila/Teresa,Y,,SM,
MJV10-17-BIO-VT-8.-3-D6,35.231975,-115.796132,3,307,MJV10-17-BIO-VT-8.-3-D6,SM,Gravel,,Ferocactus cylindraceus,2,TMTC,7,Barrel cactus,,Sheila/Teresa,Y,,SM,
MJV10-17-BIO-VT-8.-3-D6,35.231975,-115.796132,3,307,MJV10-17-BIO-VT-8.-3-D6,SM,Gravel,,Eriogonum fasciculatum,4,TMTC,7,Mojave buckwheat,,Sheila/Teresa,Y,,SM,
MJV10-17-BIO-VT-8.-3-D6,35.231975,-115.796132,3,307,MJV10-17-BIO-VT-8.-3-D6,SM,Gravel,,Unknown newly leafing plant,1,TMTC,7,Unknown newly leafed budding plant,pic,Sheila/Teresa,,,SM,
MJV10-17-BIO-VT-8.-3-D6,35.231975,-115.796132,3,307,MJV10-17-BIO-VT-8.-3-D6,SM,Gravel,,Wheat top grass clumps,TMTC,TMTC,7,"Unknown ""wheat top""",,Sheila/Teresa,,,SM,
MJV10-17-BIO-VT-8.-3-D6,35.231975,-115.796132,3,307,MJV10-17-BIO-VT-8.-3-D6,SM,Gravel,,Bromus madritensis ssp. Rubens,TMTC,TMTC,7,Red brome,,Sheila/Teresa,Y,,SM,
MJV10-17-BIO-VT-8.-3-D6,35.231975,-115.796132,3,307,MJV10-17-BIO-VT-8.-3-D6,SM,Gravel,,Ephedra viridis,1,TMTC,7,Morman tea,,Sheila/Teresa,Y,,SM,
MJV10-17-BIO-VT-8.-3-D6,35.231975,-115.796132,3,307,MJV10-17-BIO-VT-8.-3-D6,SM,Gravel,,Soil crusts,NA,TMTC,7,Soil crusts,,Sheila/Teresa,,,SM,
MJV10-17-BIO-VT-8.-3-D6,35.231975,-115.796132,3,307,MJV10-17-BIO-VT-8.-3-D6,SM,Gravel,,Green moss,NA,TMTC,7,Green moss,,Sheila/Teresa,,,SM,
MJV10-17-BIO-VT-8.-3-D7,35.23192,-115.79612,3,308,MJV10-17-BIO-VT-8.-3-D7,SM,Rock,,Wheat top grass clumps,TMTC,TMTC,4,"Unknown ""wheat top""",,Sheila/Teresa,,,SM,
MJV10-17-BIO-VT-8.-3-D7,35.23192,-115.79612,3,308,MJV10-17-BIO-VT-8.-3-D7,SM,Rock,,Bromus madritensis ssp. Rubens,TMTC,TMTC,4,Red brome,,Sheila/Teresa,Y,,SM,
MJV10-17-BIO-VT-8.-3-D7,35.23192,-115.79612,3,308,MJV10-17-BIO-VT-8.-3-D7,SM,Rock,,Larrea tridentata,1,TMTC,4,Creosote bush,,Sheila/Teresa,Y,,SM,
MJV10-17-BIO-VT-8.-3-D7,35.23192,-115.79612,3,308,MJV10-17-BIO-VT-8.-3-D7,SM,Rock,,Lichen,NA,TMTC,4,"Orange, yellow, white, black lichen",,Sheila/Teresa,,,SM,
MJV10-17-BIO-VT-8.-3-D7,35.23192,-115.79612,3,308,MJV10-17-BIO-VT-8.-3-D7,SM,Rock,,Green moss,NA,TMTC,4,Green moss,,Sheila/Teresa,,,SM,
MJV10-17-BIO-VT-8.-3-D7,35.23192,-115.79612,3,308,MJV10-17-BIO-VT-8.-3-D7,SM,Rock,,Lycium andersonii,2,TMTC,4,Anderson thornbush,,Sheila/Teresa,Y,,SM,
MJV10-17-BIO-VT-8.-3-D8,35.231887,-115.796097,3,309,MJV10-17-BIO-VT-8.-3-D8,SM,Live Plant,,Ephedra viridis,1,TMTC,4,Morman tea,,Sheila/Teresa,Y,,SM,
MJV10-17-BIO-VT-8.-3-D8,35.231887,-115.796097,3,309,MJV10-17-BIO-VT-8.-3-D8,SM,Live Plant,,Wheat top grass clumps,TMTC,TMTC,4,"Unknown ""wheat top""",,Sheila/Teresa,,,SM,
MJV10-17-BIO-VT-8.-3-D8,35.231887,-115.796097,3,309,MJV10-17-BIO-VT-8.-3-D8,SM,Live Plant,,Eriogonum inflatum,4,TMTC,4,Desert trumpet,,Sheila/Teresa,Y,,SM,
MJV10-17-BIO-VT-8.-3-D8,35.231887,-115.796097,3,309,MJV10-17-BIO-VT-8.-3-D8,SM,Live Plant,,Ambrosia dumosa,1,TMTC,4,White bursage,,Sheila/Teresa,Y,,SM,
MJV10-17-BIO-VT-8.-3-D9,35.231872,-115.796144,3,310,MJV10-17-BIO-VT-8.-3-D9,SM,Gravel,,Opuntia basilaris,1,TMTC,4,Beavertail cactus,,Sheila/Teresa,Y,,SM,
MJV10-17-BIO-VT-8.-3-D9,35.231872,-115.796144,3,310,MJV10-17-BIO-VT-8.-3-D9,SM,Gravel,,Ambrosia dumosa,1,TMTC,4,White bursage,,Sheila/Teresa,Y,,SM,
MJV10-17-BIO-VT-8.-3-D9,35.231872,-115.796144,3,310,MJV10-17-BIO-VT-8.-3-D9,SM,Gravel,,Wheat top grass clumps,TMTC,TMTC,4,"Unknown ""wheat top""",,Sheila/Teresa,,,SM,
MJV10-17-BIO-VT-8.-3-D9,35.231872,-115.796144,3,310,MJV10-17-BIO-VT-8.-3-D9,SM,Gravel,,Eriogonum inflatum,2,TMTC,4,Desert trumpet,,Sheila/Teresa,Y,,SM,
MJV10-17-BIO-VT-8.-3-D10,35.231837,-115.796134,3,311,MJV10-17-BIO-VT-8.-3-D10,SM,Gravel,,Cylindropuntia ramosissima,1,15,4,Pencil cholla,,Sheila/Teresa,Y,,SM,
MJV10-17-BIO-VT-8.-3-D10,35.231837,-115.796134,3,311,MJV10-17-BIO-VT-8.-3-D10,SM,Gravel,,Wheat top grass clumps,8,15,4,"Unknown ""straw flower top""",,Sheila/Teresa,,,SM,
MJV10-17-BIO-VT-8.-3-D10,35.231837,-115.796134,3,311,MJV10-17-BIO-VT-8.-3-D10,SM,Gravel,,Eriogonum inflatum,2,15,4,Desert trumpet,,Sheila/Teresa,Y,,SM,
MJV10-17-BIO-VT-8.-3-D10,35.231837,-115.796134,3,311,MJV10-17-BIO-VT-8.-3-D10,SM,Gravel,,Straw puff dried flower,4,15,4,Unknown straw puff dried flower top,2 pic,Sheila/Teresa,,,SM,
MJV10-17-BIO-VT-8.-3-E1,35.232145,-115.796246,3,312,MJV10-17-BIO-VT-8.-3-E1,SM,Gravel,,Tidestromia suffruticosa,2,20,5,Honeysweet,,Sheila/Teresa,Y,,SM,
MJV10-17-BIO-VT-8.-3-E1,35.232145,-115.796246,3,312,MJV10-17-BIO-VT-8.-3-E1,SM,Gravel,,Sphaeralcea ambigua,1,20,5,Globemallow,,Sheila/Teresa,Y,,SM,
MJV10-17-BIO-VT-8.-3-E1,35.232145,-115.796246,3,312,MJV10-17-BIO-VT-8.-3-E1,SM,Gravel,,Eriogonum inflatum,2,20,5,Desert trumpet,,Sheila/Teresa,Y,,SM,
MJV10-17-BIO-VT-8.-3-E1,35.232145,-115.796246,3,312,MJV10-17-BIO-VT-8.-3-E1,SM,Gravel,,Wheat top grass clumps,5,20,5,"Unknown ""wheat top""",,Sheila/Teresa,,,SM,
MJV10-17-BIO-VT-8.-3-E1,35.232145,-115.796246,3,312,MJV10-17-BIO-VT-8.-3-E1,SM,Gravel,,Bromus madritensis ssp. Rubens,10,20,5,Red brome,,Sheila/Teresa,Y,,SM,
MJV10-17-BIO-VT-8.-3-E2,35.232185,-115.796263,3,313,MJV10-17-BIO-VT-8.-3-E2,SM,Gravel,,Ferocactus cylindraceus,1,TMTC,3,Barrel cactus,,Sheila/Teresa,Y,,SM,
MJV10-17-BIO-VT-8.-3-E2,35.232185,-115.796263,3,313,MJV10-17-BIO-VT-8.-3-E2,SM,Gravel,,Wheat top grass clumps,TMTC,TMTC,3,"Unknown ""wheat top""",,Sheila/Teresa,,,SM,
MJV10-17-BIO-VT-8.-3-E2,35.232185,-115.796263,3,313,MJV10-17-BIO-VT-8.-3-E2,SM,Gravel,,Bromus madritensis ssp. Rubens,TMTC,TMTC,3,Red brome,,Sheila/Teresa,Y,,SM,
MJV10-17-BIO-VT-8.-3-E3,35.232206,-115.79626,3,314,MJV10-17-BIO-VT-8.-3-E3,SM,Dirt,,Baccharis salicina,2,TMTC,3,Mulefat,,Sheila/Teresa,Y,,SM,
MJV10-17-BIO-VT-8.-3-E3,35.232206,-115.79626,3,314,MJV10-17-BIO-VT-8.-3-E3,SM,Dirt,,Wheat top grass clumps,TMTC,TMTC,3,"Unknown ""wheat top""",,Sheila/Teresa,,,SM,
MJV10-17-BIO-VT-8.-3-E3,35.232206,-115.79626,3,314,MJV10-17-BIO-VT-8.-3-E3,SM,Dirt,,Green moss,NA,TMTC,3,Green moss,,Sheila/Teresa,,,SM,
MJV10-17-BIO-VT-8.-3-E3,35.232206,-115.79626,3,314,MJV10-17-BIO-VT-8.-3-E3,SM,Dirt,,Seedlings,NA,TMTC,3,seedlings,,Sheila/Teresa,,,SM,
MJV10-17-BIO-VT-8.-3-E3,35.232206,-115.79626,3,314,MJV10-17-BIO-VT-8.-3-E3,SM,Dirt,,Cylindropuntia californica,1,TMTC,3,California cholla,,Sheila/Teresa,Y,,SM,
MJV10-17-BIO-VT-8.-3-E4,35.232278,-115.796294,3,315,MJV10-17-BIO-VT-8.-3-E4,SM,Gravel,,Ferocactus cylindraceus,4,14,2,Barrel cactus,,Sheila/Teresa,Y,,SM,
MJV10-17-BIO-VT-8.-3-E4,35.232278,-115.796294,3,315,MJV10-17-BIO-VT-8.-3-E4,SM,Gravel,,burmuda grass,10,14,2,Burmuda grass,,Sheila/Teresa,,,SM,
MJV10-17-BIO-VT-8.-3-E5,35.232301,-115.796316,3,316,MJV10-17-BIO-VT-8.-3-E5,SM,Basalt,,Yucca schidigera,2,5,4,Mojave yucca,,Sheila/Teresa,Y,,SM,
MJV10-17-BIO-VT-8.-3-E5,35.232301,-115.796316,3,316,MJV10-17-BIO-VT-8.-3-E5,SM,Basalt,,Baccharis salicina,1,5,4,Mulefat,,Sheila/Teresa,Y,,SM,
MJV10-17-BIO-VT-8.-3-E5,35.232301,-115.796316,3,316,MJV10-17-BIO-VT-8.-3-E5,SM,Basalt,,Cylindropuntia acanthocarpa,1,5,4,Buckhorn cholla,,Sheila/Teresa,Y,,SM,
MJV10-17-BIO-VT-8.-3-E5,35.232301,-115.796316,3,316,MJV10-17-BIO-VT-8.-3-E5,SM,Basalt,,Dasyochloa pulchella,1,5,4,Low woollygrass,,Sheila/Teresa,Y,,SM,
MJV10-17-BIO-VT-8.-3-E6,35.23235,-115.796296,3,317,MJV10-17-BIO-VT-8.-3-E6,SM,Basalt,,Atriplex canescens,1,TMTC,6,Saltbush,,Sheila/Teresa,Y,,SM,
MJV10-17-BIO-VT-8.-3-E6,35.23235,-115.796296,3,317,MJV10-17-BIO-VT-8.-3-E6,SM,Basalt,,Opuntia basilaris,1,TMTC,6,Beavertail cactus,,Sheila/Teresa,Y,,SM,
MJV10-17-BIO-VT-8.-3-E6,35.23235,-115.796296,3,317,MJV10-17-BIO-VT-8.-3-E6,SM,Basalt,,Straw puff dried flower,1,TMTC,6,Unknown straw puff dried flower top,,Sheila/Teresa,,,SM,
MJV10-17-BIO-VT-8.-3-E6,35.23235,-115.796296,3,317,MJV10-17-BIO-VT-8.-3-E6,SM,Basalt,,Mammillaria tetrancistra,1,TMTC,6,Nipple cactus or fishhook cactus,,Sheila/Teresa,Y,,SM,
MJV10-17-BIO-VT-8.-3-E6,35.23235,-115.796296,3,317,MJV10-17-BIO-VT-8.-3-E6,SM,Basalt,,Wheat top grass clumps,10,TMTC,6,"Unknown ""wheat top""",,Sheila/Teresa,,,SM,
MJV10-17-BIO-VT-8.-3-E6,35.23235,-115.796296,3,317,MJV10-17-BIO-VT-8.-3-E6,SM,Basalt,,Bromus madritensis ssp. Rubens,TMTC,TMTC,6,Red brome,,Sheila/Teresa,Y,,SM,
MJV10-17-BIO-VT-8.-3-E7,35.232414,-115.796297,3,318,MJV10-17-BIO-VT-8.-3-E7,SM,Gravel,,Atriplex canescens,1,11,3,Saltbush,,Sheila/Teresa,Y,,SM,
MJV10-17-BIO-VT-8.-3-E7,35.232414,-115.796297,3,318,MJV10-17-BIO-VT-8.-3-E7,SM,Gravel,,Wheat top grass clumps,5,11,3,"Unknown ""wheat top""",,Sheila/Teresa,,,SM,
MJV10-17-BIO-VT-8.-3-E7,35.232414,-115.796297,3,318,MJV10-17-BIO-VT-8.-3-E7,SM,Gravel,,Bromus madritensis ssp. Rubens,5,11,3,Red brome,,Sheila/Teresa,Y,,SM,
MJV10-17-BIO-VT-8.-3-E8,35.232424,-115.796284,3,319,MJV10-17-BIO-VT-8.-3-E8,SM,Gravel,,Atriplex canescens,4,TMTC,5,Saltbush,30° incline,Sheila/Teresa,Y,,SM,
MJV10-17-BIO-VT-8.-3-E8,35.232424,-115.796284,3,319,MJV10-17-BIO-VT-8.-3-E8,SM,Gravel,,Encelia farinosa,1,TMTC,5,Brittlebush,,Sheila/Teresa,Y,,SM,
MJV10-17-BIO-VT-8.-3-E8,35.232424,-115.796284,3,319,MJV10-17-BIO-VT-8.-3-E8,SM,Gravel,,Cylindropuntia acanthocarpa,1,TMTC,5,Buckhorn cholla,,Sheila/Teresa,Y,,SM,
MJV10-17-BIO-VT-8.-3-E8,35.232424,-115.796284,3,319,MJV10-17-BIO-VT-8.-3-E8,SM,Gravel,,Echinocactus polycephalus,1,TMTC,5,Cottontop cactus,,Sheila/Teresa,Y,,SM,
MJV10-17-BIO-VT-8.-3-E8,35.232424,-115.796284,3,319,MJV10-17-BIO-VT-8.-3-E8,SM,Gravel,,Wheat top grass clumps,TMTC,TMTC,5,"Unknown ""wheat top""",,Sheila/Teresa,,,SM,
MJV10-17-BIO-VT-8.-3-E9,35.232439,-115.796303,3,320,MJV10-17-BIO-VT-8.-3-E9,SM,Basalt,,Ferocactus cylindraceus,2,22,5,Barrel cactus,,Sheila/Teresa,Y,,SM,
MJV10-17-BIO-VT-8.-3-E9,35.232439,-115.796303,3,320,MJV10-17-BIO-VT-8.-3-E9,SM,Basalt,,Straw puff dried flower,10,22,5,Unknown straw puff dried flower top,,Sheila/Teresa,,,SM,
MJV10-17-BIO-VT-8.-3-E9,35.232439,-115.796303,3,320,MJV10-17-BIO-VT-8.-3-E9,SM,Basalt,,Sphaeralcea ambigua,3,22,5,Globemallow,pic under rock,Sheila/Teresa,Y,,SM,
MJV10-17-BIO-VT-8.-3-E9,35.232439,-115.796303,3,320,MJV10-17-BIO-VT-8.-3-E9,SM,Basalt,,Wheat top grass clumps,2,22,5,"Unknown ""wheat top""",,Sheila/Teresa,,,SM,
MJV10-17-BIO-VT-8.-3-E9,35.232439,-115.796303,3,320,MJV10-17-BIO-VT-8.-3-E9,SM,Basalt,,Green moss,NA,22,5,Green moss,,Sheila/Teresa,,,SM,
MJV10-17-BIO-VT-8.-3-E9,35.232439,-115.796303,3,320,MJV10-17-BIO-VT-8.-3-E9,SM,Basalt,,Bromus madritensis ssp. Rubens,5,22,5,Red brome,,Sheila/Teresa,,,SM,
MJV10-17-BIO-VT-8.-3-E10,35.232483,-115.796328,3,321,MJV10-17-BIO-VT-8.-3-E10,SM,Basalt,,Eriogonum inflatum,3,17,3,Desert trumpet,36° incline,Sheila/Teresa,Y,,SM,
MJV10-17-BIO-VT-8.-3-E10,35.232483,-115.796328,3,321,MJV10-17-BIO-VT-8.-3-E10,SM,Basalt,,Straw flower top grass clumps,12,17,3,"Unknown ""straw flower top""",pic,Sheila/Teresa,,,SM,
MJV10-17-BIO-VT-8.-3-E10,35.232483,-115.796328,3,321,MJV10-17-BIO-VT-8.-3-E10,SM,Basalt,,White lichen,NA,17,3,White lichen,,Sheila/Teresa,,,SM,
MJV10-17-BIO-VT-8.-3-E10,35.232483,-115.796328,3,321,MJV10-17-BIO-VT-8.-3-E10,SM,Basalt,,Wheat top grass clumps,2,17,3,"Unknown ""wheat top""",,Sheila/Teresa,,,SM,
MJV10-17-BIO-VT-8.-3-F1,35.232186,-115.796399,3,341,MJV10-17-BIO-VT-8.-3-F1,SM,Gravel,,Baccharis salicina,1,TMTC,6,Mulefat,,Sheila/Teresa,Y,,SM,
MJV10-17-BIO-VT-8.-3-F1,35.232186,-115.796399,3,341,MJV10-17-BIO-VT-8.-3-F1,SM,Gravel,,Tidestromia suffruticosa,2,TMTC,6,Honeysweet,,Sheila/Teresa,Y,,SM,
MJV10-17-BIO-VT-8.-3-F1,35.232186,-115.796399,3,341,MJV10-17-BIO-VT-8.-3-F1,SM,Gravel,,Wheat top grass clumps,TMTC,TMTC,6,"Unknown ""wheat top""",,Sheila/Teresa,,,SM,
MJV10-17-BIO-VT-8.-3-F1,35.232186,-115.796399,3,341,MJV10-17-BIO-VT-8.-3-F1,SM,Gravel,,Fine green grass clumps,5,TMTC,6,"Unknown ""fine grass""",,Sheila/Teresa,,,SM,
MJV10-17-BIO-VT-8.-3-F1,35.232186,-115.796399,3,341,MJV10-17-BIO-VT-8.-3-F1,SM,Gravel,,Eriogonum inflatum,1,TMTC,6,Desert trumpet,,Sheila/Teresa,Y,,SM,
MJV10-17-BIO-VT-8.-3-F1,35.232186,-115.796399,3,341,MJV10-17-BIO-VT-8.-3-F1,SM,Gravel,,Bromus madritensis ssp. Rubens,TMTC,TMTC,6,Red brome,,Sheila/Teresa,Y,,SM,
MJV10-17-BIO-VT-8.-3-F1,35.232186,-115.796399,3,341,MJV10-17-BIO-VT-8.-3-F1,SM,Gravel,,Seedlings,NA,TMTC,6,seedlings,,Sheila/Teresa,,,SM,
MJV10-17-BIO-VT-8.-3-F2,35.232166,-115.79639,3,342,MJV10-17-BIO-VT-8.-3-F2,SM,Sand,,Baccharis salicina,2,TMTC,4,Mulefat,,Sheila/Teresa,Y,,SM,
MJV10-17-BIO-VT-8.-3-F2,35.232166,-115.79639,3,342,MJV10-17-BIO-VT-8.-3-F2,SM,Sand,,Bromus madritensis ssp. Rubens,TMTC,TMTC,4,Red brome,,Sheila/Teresa,Y,,SM,
MJV10-17-BIO-VT-8.-3-F2,35.232166,-115.79639,3,342,MJV10-17-BIO-VT-8.-3-F2,SM,Sand,,Wheat top grass clumps,TMTC,TMTC,4,"Unknown ""wheat top""",,Sheila/Teresa,,,SM,
MJV10-17-BIO-VT-8.-3-F2,35.232166,-115.79639,3,342,MJV10-17-BIO-VT-8.-3-F2,SM,Sand,,Eriogonum inflatum,4,TMTC,4,Desert trumpet,,Sheila/Teresa,Y,,SM,
MJV10-17-BIO-VT-8.-3-F2,35.232166,-115.79639,3,342,MJV10-17-BIO-VT-8.-3-F2,SM,Sand,,Green moss,NA,TMTC,4,Green moss,,Sheila/Teresa,,,SM,
MJV10-17-BIO-VT-8.-3-F3,35.232097,-115.796396,3,343,MJV10-17-BIO-VT-8.-3-F3,SM,Basalt,,Ambrosia dumosa,2,TMTC,5,White bursage,,Sheila/Teresa,Y,,SM,
MJV10-17-BIO-VT-8.-3-F3,35.232097,-115.796396,3,343,MJV10-17-BIO-VT-8.-3-F3,SM,Basalt,,Eriogonum inflatum,1,TMTC,5,Desert trumpet,,Sheila/Teresa,Y,,SM,
MJV10-17-BIO-VT-8.-3-F3,35.232097,-115.796396,3,343,MJV10-17-BIO-VT-8.-3-F3,SM,Basalt,,Wheat top grass clumps,TMTC,TMTC,5,"Unknown ""wheat top""",,Sheila/Teresa,,,SM,
MJV10-17-BIO-VT-8.-3-F3,35.232097,-115.796396,3,343,MJV10-17-BIO-VT-8.-3-F3,SM,Basalt,,Bromus madritensis ssp. Rubens,TMTC,TMTC,5,Red brome,,Sheila/Teresa,Y,,SM,
MJV10-17-BIO-VT-8.-3-F3,35.232097,-115.796396,3,343,MJV10-17-BIO-VT-8.-3-F3,SM,Basalt,,Baccharis salicina,1,TMTC,5,Mulefat,,Sheila/Teresa,Y,,SM,
MJV10-17-BIO-VT-8.-3-F4,35.232096,-115.796387,3,344,MJV10-17-BIO-VT-8.-3-F4,SM,Gravel,,Larrea tridentata,1,TMTC,4,Creosote bush,20° incline,Sheila/Teresa,Y,,SM,
MJV10-17-BIO-VT-8.-3-F4,35.232096,-115.796387,3,344,MJV10-17-BIO-VT-8.-3-F4,SM,Gravel,,Ambrosia dumosa,1,TMTC,4,White bursage,,Sheila/Teresa,Y,,SM,
MJV10-17-BIO-VT-8.-3-F4,35.232096,-115.796387,3,344,MJV10-17-BIO-VT-8.-3-F4,SM,Gravel,,Wheat top grass clumps,TMTC,TMTC,4,"Unknown ""wheat top""",,Sheila/Teresa,,,SM,
MJV10-17-BIO-VT-8.-3-F4,35.232096,-115.796387,3,344,MJV10-17-BIO-VT-8.-3-F4,SM,Gravel,,Bromus madritensis ssp. Rubens,TMTC,TMTC,4,Red brome,,Sheila/Teresa,Y,,SM,
MJV10-17-BIO-VT-8.-3-F4,35.232096,-115.796387,3,344,MJV10-17-BIO-VT-8.-3-F4,SM,Gravel,,Seedlings,NA,TMTC,4,seedlings,,Sheila/Teresa,,,SM,
MJV10-17-BIO-VT-8.-3-F5,35.232067,-115.796369,3,345,MJV10-17-BIO-VT-8.-3-F5,SM,Gravel,,Eriogonum inflatum,10,TMTC,4,Desert trumpet,,Sheila/Teresa,Y,,SM,
MJV10-17-BIO-VT-8.-3-F5,35.232067,-115.796369,3,345,MJV10-17-BIO-VT-8.-3-F5,SM,Gravel,,Straw flower top grass clumps,1,TMTC,4,"Unknown ""straw flower top""",,Sheila/Teresa,,,SM,
MJV10-17-BIO-VT-8.-3-F5,35.232067,-115.796369,3,345,MJV10-17-BIO-VT-8.-3-F5,SM,Gravel,,Wheat top grass clumps,TMTC,TMTC,4,"Unknown ""wheat top""",,Sheila/Teresa,,,SM,
MJV10-17-BIO-VT-8.-3-F5,35.232067,-115.796369,3,345,MJV10-17-BIO-VT-8.-3-F5,SM,Gravel,,Bromus madritensis ssp. Rubens,TMTC,TMTC,4,Red brome,,Sheila/Teresa,Y,,SM,
"MJV10-17-BIO-VT-8,-3-F6",35.23198,-115.796373,3,346,"MJV10-17-BIO-VT-8,-3-F6",SM,Live Plant,,Cylindropuntia acanthocarpa,1,12,5,Buckhorn cholla,,Sheila/Teresa,Y,,SM,
"MJV10-17-BIO-VT-8,-3-F6",35.23198,-115.796373,3,346,"MJV10-17-BIO-VT-8,-3-F6",SM,Live Plant,,Ambrosia dumosa,3,12,5,White bursage,,Sheila/Teresa,Y,,SM,
"MJV10-17-BIO-VT-8,-3-F6",35.23198,-115.796373,3,346,"MJV10-17-BIO-VT-8,-3-F6",SM,Live Plant,,Straw puff dried flower,2,12,5,Unknown straw puff dried flower top,pic,Sheila/Teresa,,,SM,
"MJV10-17-BIO-VT-8,-3-F6",35.23198,-115.796373,3,346,"MJV10-17-BIO-VT-8,-3-F6",SM,Live Plant,,Eriogonum inflatum,1,12,5,Desert trumpet,,Sheila/Teresa,Y,,SM,
"MJV10-17-BIO-VT-8,-3-F6",35.23198,-115.796373,3,346,"MJV10-17-BIO-VT-8,-3-F6",SM,Live Plant,,Wheat top grass clumps,5,12,5,"Unknown ""wheat top""",fresh rabbit pellets,Sheila/Teresa,,,SM,
"MJV10-17-BIO-VT-8,-3-F7",35.231959,-115.796381,3,347,"MJV10-17-BIO-VT-8,-3-F7",SM,Granite,,Senegalia gregii,1,6,4,Cat's claw,25° incline,Sheila/Teresa,Y,,SM,
"MJV10-17-BIO-VT-8,-3-F7",35.231959,-115.796381,3,347,"MJV10-17-BIO-VT-8,-3-F7",SM,Granite,,Phoradendron califoricum,1,6,4,parisite mistletoe,,Sheila/Teresa,y,,SM,
"MJV10-17-BIO-VT-8,-3-F7",35.231959,-115.796381,3,347,"MJV10-17-BIO-VT-8,-3-F7",SM,Granite,,Straw puff dried flower,3,6,4,Unknown straw puff dried flower top,,Sheila/Teresa,,,SM,
"MJV10-17-BIO-VT-8,-3-F7",35.231959,-115.796381,3,347,"MJV10-17-BIO-VT-8,-3-F7",SM,Granite,,Eriogonum inflatum,1,6,4,Desert trumpet,,Sheila/Teresa,y,,SM,
"MJV10-17-BIO-VT-8,-3-F8",35.231875,-115.796429,3,348,"MJV10-17-BIO-VT-8,-3-F8",SM,Gravel,,Larrea tridentata,1,TMTC,4,Creosote bush,,Sheila/Teresa,y,,SM,
"MJV10-17-BIO-VT-8,-3-F8",35.231875,-115.796429,3,348,"MJV10-17-BIO-VT-8,-3-F8",SM,Gravel,,Ambrosia dumosa,2,TMTC,4,White bursage,,Sheila/Teresa,y,,SM,
"MJV10-17-BIO-VT-8,-3-F8",35.231875,-115.796429,3,348,"MJV10-17-BIO-VT-8,-3-F8",SM,Gravel,,Wheat top grass clumps,TMTC,TMTC,4,"Unknown ""wheat top""",,Sheila/Teresa,,,SM,
"MJV10-17-BIO-VT-8,-3-F8",35.231875,-115.796429,3,348,"MJV10-17-BIO-VT-8,-3-F8",SM,Gravel,,Straw puff dried flower,2,TMTC,4,Unknown straw puff dried flower top,,Sheila/Teresa,,,SM,
"MJV10-17-BIO-VT-8,-3-F9",35.23182,-115.796439,3,349,"MJV10-17-BIO-VT-8,-3-F9",SM,Gravel,,Eriogonum inflatum,2,TMTC,4,Desert trumpet,,Sheila/Teresa,y,,SM,
"MJV10-17-BIO-VT-8,-3-F9",35.23182,-115.796439,3,349,"MJV10-17-BIO-VT-8,-3-F9",SM,Gravel,,Tidestromia suffruticosa,2,TMTC,4,Honeysweet,,Sheila/Teresa,y,,SM,
"MJV10-17-BIO-VT-8,-3-F9",35.23182,-115.796439,3,349,"MJV10-17-BIO-VT-8,-3-F9",SM,Gravel,,Fuzzy top grass clumps,4,TMTC,4,"Unknown ""fuzzy top""",,Sheila/Teresa,,,SM,
"MJV10-17-BIO-VT-8,-3-F9",35.23182,-115.796439,3,349,"MJV10-17-BIO-VT-8,-3-F9",SM,Gravel,,Wheat top grass clumps,TMTC,TMTC,4,"Unknown ""wheat top""",,Sheila/Teresa,,,SM,
"MJV10-17-BIO-VT-8,-3-F9",35.23182,-115.796439,3,349,"MJV10-17-BIO-VT-8,-3-F9",SM,Gravel,,Seedlings,NA,TMTC,4,seedlings,,Sheila/Teresa,,,SM,
"MJV10-17-BIO-VT-8,-3-F10",35.23175,-115.796447,3,350,"MJV10-17-BIO-VT-8,-3-F10",SM,Gravel,,Baccharis salicina,1,TMTC,2,Mulefat,,Sheila/Teresa,y,,SM,
"MJV10-17-BIO-VT-8,-3-F10",35.23175,-115.796447,3,350,"MJV10-17-BIO-VT-8,-3-F10",SM,Gravel,,Bromus madritensis ssp. Rubens,TMTC,TMTC,2,Red brome,,Sheila/Teresa,y,,SM,
"MJV10-17-BIO-VT-8,-3-F10",35.23175,-115.796447,3,350,"MJV10-17-BIO-VT-8,-3-F10",SM,Gravel,,Seedlings,NA,TMTC,2,seedlings,,Sheila/Teresa,,,SM,
"MJV10-17-BIO-VT-8,-3-G1",35.232159,-115.796516,3,351,"MJV10-17-BIO-VT-8,-3-G1",SM,Basalt,,Echinocereus engelmannii,1,TMTC,8,Hedgehog cactus,,Sheila/Teresa,y,,SM,
"MJV10-17-BIO-VT-8,-3-G1",35.232159,-115.796516,3,351,"MJV10-17-BIO-VT-8,-3-G1",SM,Basalt,,Ephedra viridis,1,TMTC,8,Morman tea,,Sheila/Teresa,y,,SM,
"MJV10-17-BIO-VT-8,-3-G1",35.232159,-115.796516,3,351,"MJV10-17-BIO-VT-8,-3-G1",SM,Basalt,,Eriogonum inflatum,2,TMTC,8,Desert trumpet,,Sheila/Teresa,y,,SM,
"MJV10-17-BIO-VT-8,-3-G1",35.232159,-115.796516,3,351,"MJV10-17-BIO-VT-8,-3-G1",SM,Basalt,,Tidestromia suffruticosa,1,TMTC,8,Honeysweet,,Sheila/Teresa,y,,SM,
"MJV10-17-BIO-VT-8,-3-G1",35.232159,-115.796516,3,351,"MJV10-17-BIO-VT-8,-3-G1",SM,Basalt,,Bromus madritensis ssp. Rubens,TMTC,TMTC,8,Red brome,,Sheila/Teresa,y,,SM,
"MJV10-17-BIO-VT-8,-3-G1",35.232159,-115.796516,3,351,"MJV10-17-BIO-VT-8,-3-G1",SM,Basalt,,Wheat top grass clumps,TMTC,TMTC,8,"Unknown ""wheat top""",,Sheila/Teresa,,,SM,
"MJV10-17-BIO-VT-8,-3-G1",35.232159,-115.796516,3,351,"MJV10-17-BIO-VT-8,-3-G1",SM,Basalt,,Dasyochloa pulchella,1,TMTC,8,Low woollygrass,,Sheila/Teresa,y,,SM,
"MJV10-17-BIO-VT-8,-3-G1",35.232159,-115.796516,3,351,"MJV10-17-BIO-VT-8,-3-G1",SM,Basalt,,Unknown shrub,1,TMTC,8,unknown shrub,pic,Sheila/Teresa,,,SM,
"MJV10-17-BIO-VT-8,-3-G1",35.232159,-115.796516,3,351,"MJV10-17-BIO-VT-8,-3-G1",SM,Basalt,,Green moss,NA,TMTC,8,Green moss,,Sheila/Teresa,,,SM,
"MJV10-17-BIO-VT-8,-3-G2",35.23218,-115.796522,3,352,"MJV10-17-BIO-VT-8,-3-G2",SM,Gravel,,Baccharis salicina,1,9,5,Mulefat,,Sheila/Teresa,y,,SM,
"MJV10-17-BIO-VT-8,-3-G2",35.23218,-115.796522,3,352,"MJV10-17-BIO-VT-8,-3-G2",SM,Gravel,,Ferocactus cylindraceus,1,9,5,Barrel cactus,,Sheila/Teresa,y,,SM,
"MJV10-17-BIO-VT-8,-3-G2",35.23218,-115.796522,3,352,"MJV10-17-BIO-VT-8,-3-G2",SM,Gravel,,Atriplex canescens,1,9,5,Saltbush,,Sheila/Teresa,y,,SM,
"MJV10-17-BIO-VT-8,-3-G2",35.23218,-115.796522,3,352,"MJV10-17-BIO-VT-8,-3-G2",SM,Gravel,,Wheat top grass clumps,1,9,5,"Unknown ""wheat top""",,Sheila/Teresa,,,SM,
"MJV10-17-BIO-VT-8,-3-G2",35.23218,-115.796522,3,352,"MJV10-17-BIO-VT-8,-3-G2",SM,Gravel,,Bromus madritensis ssp. Rubens,5,9,5,Red brome,,Sheila/Teresa,y,,SM,
"MJV10-17-BIO-VT-8,-3-G2",35.23218,-115.796522,3,352,"MJV10-17-BIO-VT-8,-3-G2",SM,Gravel,,Seedlings,NA,9,5,seedlings,,Sheila/Teresa,,,SM,
"MJV10-17-BIO-VT-8,-3-G3",35.23225,-115.796519,3,353,"MJV10-17-BIO-VT-8,-3-G3",SM,Gravel,,Sphaeralcea ambigua,1,17,6,Globemallow,,Sheila/Teresa,y,,SM,
"MJV10-17-BIO-VT-8,-3-G3",35.23225,-115.796519,3,353,"MJV10-17-BIO-VT-8,-3-G3",SM,Gravel,,Ephedra viridis,1,17,6,Morman tea,,Sheila/Teresa,y,,SM,
"MJV10-17-BIO-VT-8,-3-G3",35.23225,-115.796519,3,353,"MJV10-17-BIO-VT-8,-3-G3",SM,Gravel,,Ambrosia dumosa,2,17,6,White bursage,,Sheila/Teresa,y,,SM,
"MJV10-17-BIO-VT-8,-3-G3",35.23225,-115.796519,3,353,"MJV10-17-BIO-VT-8,-3-G3",SM,Gravel,,Ferocactus cylindraceus,1,17,6,Barrel cactus,,Sheila/Teresa,y,,SM,
"MJV10-17-BIO-VT-8,-3-G3",35.23225,-115.796519,3,353,"MJV10-17-BIO-VT-8,-3-G3",SM,Gravel,,Wheat top grass clumps,10,17,6,"Unknown ""wheat top""",,Sheila/Teresa,,,SM,
"MJV10-17-BIO-VT-8,-3-G3",35.23225,-115.796519,3,353,"MJV10-17-BIO-VT-8,-3-G3",SM,Gravel,,Fuzzy top grass clumps,2,17,6,"Unknown ""fuzzy top""",,Sheila/Teresa,,,SM,
"MJV10-17-BIO-VT-8,-3-G4",35.232302,-115.796511,3,354,"MJV10-17-BIO-VT-8,-3-G4",SM,Gravel,,Lycium andersonii,1,TMTC,6,Anderson thornbush,,Sheila/Teresa,y,,SM,
"MJV10-17-BIO-VT-8,-3-G4",35.232302,-115.796511,3,354,"MJV10-17-BIO-VT-8,-3-G4",SM,Gravel,,Sphaeralcea ambigua,1,TMTC,6,Globemallow,,Sheila/Teresa,y,,SM,
"MJV10-17-BIO-VT-8,-3-G4",35.232302,-115.796511,3,354,"MJV10-17-BIO-VT-8,-3-G4",SM,Gravel,,Ferocactus cylindraceus,4,TMTC,6,Barrel cactus,,Sheila/Teresa,y,,SM,
"MJV10-17-BIO-VT-8,-3-G4",35.232302,-115.796511,3,354,"MJV10-17-BIO-VT-8,-3-G4",SM,Gravel,,Echinocereus engelmannii,1,TMTC,6,Hedgehog cactus,,Sheila/Teresa,y,,SM,
"MJV10-17-BIO-VT-8,-3-G4",35.232302,-115.796511,3,354,"MJV10-17-BIO-VT-8,-3-G4",SM,Gravel,,Seedlings,NA,TMTC,6,seedlings,,Sheila/Teresa,,,SM,
"MJV10-17-BIO-VT-8,-3-G4",35.232302,-115.796511,3,354,"MJV10-17-BIO-VT-8,-3-G4",SM,Gravel,,Wheat top grass clumps,TMTC,TMTC,6,"Unknown ""wheat top""",,Sheila/Teresa,,,SM,
"MJV10-17-BIO-VT-8,-3-G4",35.232302,-115.796511,3,354,"MJV10-17-BIO-VT-8,-3-G4",SM,Gravel,,Bromus madritensis ssp. Rubens,TMTC,TMTC,6,Red brome,,Sheila/Teresa,y,,SM,
"MJV10-17-BIO-VT-8,-3-G4",35.232302,-115.796511,3,354,"MJV10-17-BIO-VT-8,-3-G4",SM,Gravel,,Green moss,NA,TMTC,6,Green moss,,Sheila/Teresa,,,SM,
"MJV10-17-BIO-VT-8,-3-G5",35.232352,-115.796493,3,355,"MJV10-17-BIO-VT-8,-3-G5",SM,Basalt,,Sphaeralcea ambigua,2,16,3,Globemallow,,Sheila/Teresa,y,,SM,
"MJV10-17-BIO-VT-8,-3-G5",35.232352,-115.796493,3,355,"MJV10-17-BIO-VT-8,-3-G5",SM,Basalt,,Dasyochloa pulchella,4,16,3,Low woollygrass,,Sheila/Teresa,y,,SM,
"MJV10-17-BIO-VT-8,-3-G5",35.232352,-115.796493,3,355,"MJV10-17-BIO-VT-8,-3-G5",SM,Basalt,,Bromus madritensis ssp. Rubens,10,16,3,Red brome,,Sheila/Teresa,y,,SM,
"MJV10-17-BIO-VT-8,-3-G6",35.232412,-115.796507,3,356,"MJV10-17-BIO-VT-8,-3-G6",SM,Gravel,,Sphaeralcea ambigua,1,TMTC,7,Globemallow,,Sheila/Teresa,y,,SM,
"MJV10-17-BIO-VT-8,-3-G6",35.232412,-115.796507,3,356,"MJV10-17-BIO-VT-8,-3-G6",SM,Gravel,,Ferocactus cylindraceus,1,TMTC,7,Barrel cactus,,Sheila/Teresa,y,,SM,
"MJV10-17-BIO-VT-8,-3-G6",35.232412,-115.796507,3,356,"MJV10-17-BIO-VT-8,-3-G6",SM,Gravel,,Wheat top grass clumps,15,TMTC,7,"Unknown ""wheat top""",,Sheila/Teresa,,,SM,
"MJV10-17-BIO-VT-8,-3-G6",35.232412,-115.796507,3,356,"MJV10-17-BIO-VT-8,-3-G6",SM,Gravel,,Straw flower top grass clumps,7,TMTC,7,"Unknown ""straw flower top""",,Sheila/Teresa,,,SM,
"MJV10-17-BIO-VT-8,-3-G6",35.232412,-115.796507,3,356,"MJV10-17-BIO-VT-8,-3-G6",SM,Gravel,,Bromus madritensis ssp. Rubens,TMTC,TMTC,7,Red brome,,Sheila/Teresa,y,,SM,
"MJV10-17-BIO-VT-8,-3-G6",35.232412,-115.796507,3,356,"MJV10-17-BIO-VT-8,-3-G6",SM,Gravel,,Fuzzy top grass clumps,1,TMTC,7,"Unknown ""fuzzy top""",,Sheila/Teresa,,,SM,
"MJV10-17-BIO-VT-8,-3-G6",35.232412,-115.796507,3,356,"MJV10-17-BIO-VT-8,-3-G6",SM,Gravel,,Spiky top grass clumps,2,TMTC,7,"Unknown ""spiky top""",,Sheila/Teresa,,,SM,
"MJV10-17-BIO-VT-8,-3-G7",35.232448,-115.796496,3,357,"MJV10-17-BIO-VT-8,-3-G7",SM,Basalt,,Ferocactus cylindraceus,3,20,4,Barrel cactus,,Sheila/Teresa,y,,SM,
"MJV10-17-BIO-VT-8,-3-G7",35.232448,-115.796496,3,357,"MJV10-17-BIO-VT-8,-3-G7",SM,Basalt,,Larrea tridentata,1,20,4,Creosote bush,,Sheila/Teresa,y,,SM,
"MJV10-17-BIO-VT-8,-3-G7",35.232448,-115.796496,3,357,"MJV10-17-BIO-VT-8,-3-G7",SM,Basalt,,Straw flower top grass clumps,6,20,4,Unknown straw puff dried flower top,,Sheila/Teresa,,,SM,
"MJV10-17-BIO-VT-8,-3-G7",35.232448,-115.796496,3,357,"MJV10-17-BIO-VT-8,-3-G7",SM,Basalt,,Wheat top grass clumps,10,20,4,"Unknown ""wheat top""",,Sheila/Teresa,,,SM,
"MJV10-17-BIO-VT-8,-3-G7",35.232448,-115.796496,3,357,"MJV10-17-BIO-VT-8,-3-G7",SM,Basalt,,Seedlings,NA,20,4,seedlings,,Sheila/Teresa,,,SM,
"MJV10-17-BIO-VT-8,-3-G8",35.232484,-115.796482,3,358,"MJV10-17-BIO-VT-8,-3-G8",SM,Basalt,,Fuzzy top grass clumps,2,32,7,"Unknown ""fuzzy top""",40° incline,Sheila/Teresa,,,SM,
"MJV10-17-BIO-VT-8,-3-G8",35.232484,-115.796482,3,358,"MJV10-17-BIO-VT-8,-3-G8",SM,Basalt,,Sphaeralcea ambigua,2,32,7,Globemallow,,Sheila/Teresa,y,,SM,
"MJV10-17-BIO-VT-8,-3-G8",35.232484,-115.796482,3,358,"MJV10-17-BIO-VT-8,-3-G8",SM,Basalt,,Straw flower top grass clumps,0,32,7,"Unknown ""straw flower top""",,Sheila/Teresa,,,SM,
"MJV10-17-BIO-VT-8,-3-G8",35.232484,-115.796482,3,358,"MJV10-17-BIO-VT-8,-3-G8",SM,Basalt,,Wheat top grass clumps,5,32,7,"Unknown ""wheat top""",,Sheila/Teresa,,,SM,
"MJV10-17-BIO-VT-8,-3-G8",35.232484,-115.796482,3,358,"MJV10-17-BIO-VT-8,-3-G8",SM,Basalt,,Ambrosia dumosa,1,32,7,White bursage,,Sheila/Teresa,y,,SM,
"MJV10-17-BIO-VT-8,-3-G8",35.232484,-115.796482,3,358,"MJV10-17-BIO-VT-8,-3-G8",SM,Basalt,,Green moss,NA,32,7,Green moss,,Sheila/Teresa,,,SM,
"MJV10-17-BIO-VT-8,-3-G8",35.232484,-115.796482,3,358,"MJV10-17-BIO-VT-8,-3-G8",SM,Basalt,,Seedlings,NA,32,7,seedlings,,Sheila/Teresa,,,SM,
"MJV10-17-BIO-VT-8,-3-G8",35.232484,-115.796482,3,358,"MJV10-17-BIO-VT-8,-3-G8",SM,Basalt,,Bromus madritensis ssp. Rubens,10,32,7,Red brome,,Sheila/Teresa,y,,SM,
"MJV10-17-BIO-VT-8,-3-G8",35.232484,-115.796482,3,358,"MJV10-17-BIO-VT-8,-3-G8",SM,Basalt,,Dasyochloa pulchella,2,32,7,Low woollygrass,,Sheila/Teresa,y,,SM,
"MJV10-17-BIO-VT-8,-3-G9",35.232573,-115.796476,3,359,"MJV10-17-BIO-VT-8,-3-G9",SM,Basalt,,Atriplex canescens,1,TMTC,7,Saltbush,45° incline,Sheila/Teresa,y,,SM,
"MJV10-17-BIO-VT-8,-3-G9",35.232573,-115.796476,3,359,"MJV10-17-BIO-VT-8,-3-G9",SM,Basalt,,Fuzzy top grass clumps,7,TMTC,7,"Unknown ""fuzzy top""",,Sheila/Teresa,,,SM,
"MJV10-17-BIO-VT-8,-3-G9",35.232573,-115.796476,3,359,"MJV10-17-BIO-VT-8,-3-G9",SM,Basalt,,Straw flower top grass clumps,5,TMTC,7,"Unknown ""straw flower top""",,Sheila/Teresa,,,SM,
"MJV10-17-BIO-VT-8,-3-G9",35.232573,-115.796476,3,359,"MJV10-17-BIO-VT-8,-3-G9",SM,Basalt,,Straw puff dried flower,2,TMTC,7,Unknown straw puff dried flower top,,Sheila/Teresa,,,SM,
"MJV10-17-BIO-VT-8,-3-G9",35.232573,-115.796476,3,359,"MJV10-17-BIO-VT-8,-3-G9",SM,Basalt,,Bromus madritensis ssp. Rubens,TMTC,TMTC,7,Red brome,,Sheila/Teresa,y,,SM,
"MJV10-17-BIO-VT-8,-3-G9",35.232573,-115.796476,3,359,"MJV10-17-BIO-VT-8,-3-G9",SM,Basalt,,Wheat top grass clumps,5,TMTC,7,"Unknown ""wheat top""",,Sheila/Teresa,,,SM,
"MJV10-17-BIO-VT-8,-3-G9",35.232573,-115.796476,3,359,"MJV10-17-BIO-VT-8,-3-G9",SM,Basalt,,Dasyochloa pulchella,1,TMTC,7,Low woollygrass,,Sheila/Teresa,y,,SM,
"MJV10-17-BIO-VT-8,-3-G10",35.232588,-115.796474,3,360,"MJV10-17-BIO-VT-8,-3-G10",SM,Basalt,,Atriplex canescens,1,TMTC,6,Saltbush,,Sheila/Teresa,y,,SM,
"MJV10-17-BIO-VT-8,-3-G10",35.232588,-115.796474,3,360,"MJV10-17-BIO-VT-8,-3-G10",SM,Basalt,,Straw flower top grass clumps,15,TMTC,6,"Unknown ""straw flower top""",,Sheila/Teresa,,,SM,
"MJV10-17-BIO-VT-8,-3-G10",35.232588,-115.796474,3,360,"MJV10-17-BIO-VT-8,-3-G10",SM,Basalt,,Eriogonum inflatum,1,TMTC,6,Desert trumpet,,Sheila/Teresa,y,,SM,
"MJV10-17-BIO-VT-8,-3-G10",35.232588,-115.796474,3,360,"MJV10-17-BIO-VT-8,-3-G10",SM,Basalt,,Fuzzy top grass clumps,1,TMTC,6,"Unknown ""fuzzy top""",,Sheila/Teresa,,,SM,
"MJV10-17-BIO-VT-8,-3-G10",35.232588,-115.796474,3,360,"MJV10-17-BIO-VT-8,-3-G10",SM,Basalt,,Wheat top grass clumps,5,TMTC,6,"Unknown ""wheat top""",,Sheila/Teresa,,,SM,
"MJV10-17-BIO-VT-8,-3-G10",35.232588,-115.796474,3,360,"MJV10-17-BIO-VT-8,-3-G10",SM,Basalt,,Bromus madritensis ssp. Rubens,TMTC,TMTC,6,Red brome,,Sheila/Teresa,y,,SM,
"MJV10-17-BIO-VT-8,-3-G10",35.232588,-115.796474,3,360,"MJV10-17-BIO-VT-8,-3-G10",SM,Basalt,,seedlings,NA,TMTC,6,seedlings,,Sheila/Teresa,,,SM,
"MJV10-17-BIO-VT-8,-3-H1",35.232195,-115.796671,3,361,"MJV10-17-BIO-VT-8,-3-H1",SM,Sand,,Ephedra viridis,1,TMTC,4,Morman tea,,Sheila/Teresa,y,,SM,
"MJV10-17-BIO-VT-8,-3-H1",35.232195,-115.796671,3,361,"MJV10-17-BIO-VT-8,-3-H1",SM,Sand,,Ambrosia dumosa,1,TMTC,4,White bursage,,Sheila/Teresa,y,,SM,
"MJV10-17-BIO-VT-8,-3-H1",35.232195,-115.796671,3,361,"MJV10-17-BIO-VT-8,-3-H1",SM,Sand,,Wheat top grass clumps,TMTC,TMTC,4,"Unknown ""wheat top""",,Sheila/Teresa,,,SM,
"MJV10-17-BIO-VT-8,-3-H1",35.232195,-115.796671,3,361,"MJV10-17-BIO-VT-8,-3-H1",SM,Sand,,Bromus madritensis ssp. Rubens,TMTC,TMTC,4,Red brome,,Sheila/Teresa,y,,SM,
"MJV10-17-BIO-VT-8,-3-H1",35.232195,-115.796671,3,361,"MJV10-17-BIO-VT-8,-3-H1",SM,Sand,,Green moss,NA,TMTC,4,Green moss,,Sheila/Teresa,,,SM,
"MJV10-17-BIO-VT-8,-3-H2",35.232138,-115.796674,3,362,"MJV10-17-BIO-VT-8,-3-H2",SM,Basalt,,Curly stalk unknown,2,24,6,"Unknown ""curly stalk""",pic,Sheila/Teresa,,,SM,
"MJV10-17-BIO-VT-8,-3-H2",35.232138,-115.796674,3,362,"MJV10-17-BIO-VT-8,-3-H2",SM,Basalt,,Ambrosia dumosa,2,24,6,White bursage,20° incline,Sheila/Teresa,y,,SM,
"MJV10-17-BIO-VT-8,-3-H2",35.232138,-115.796674,3,362,"MJV10-17-BIO-VT-8,-3-H2",SM,Basalt,,Eriogonum inflatum,4,24,6,Desert trumpet,,Sheila/Teresa,y,,SM,
"MJV10-17-BIO-VT-8,-3-H2",35.232138,-115.796674,3,362,"MJV10-17-BIO-VT-8,-3-H2",SM,Basalt,,Ephedra viridis,1,24,6,Morman tea,,Sheila/Teresa,y,,SM,
"MJV10-17-BIO-VT-8,-3-H2",35.232138,-115.796674,3,362,"MJV10-17-BIO-VT-8,-3-H2",SM,Basalt,,Wheat top grass clumps,5,24,6,"Unknown ""wheat top""",,Sheila/Teresa,,,SM,
"MJV10-17-BIO-VT-8,-3-H2",35.232138,-115.796674,3,362,"MJV10-17-BIO-VT-8,-3-H2",SM,Basalt,,Bromus madritensis ssp. Rubens,10,24,6,Red brome,,Sheila/Teresa,y,,SM,
"MJV10-17-BIO-VT-8,-3-H3",35.232077,-115.796689,3,363,"MJV10-17-BIO-VT-8,-3-H3",SM,Basalt,,Ephedra viridis,2,TMTC,6,Morman tea,trunk sized (pic),Sheila/Teresa,y,,SM,
"MJV10-17-BIO-VT-8,-3-H3",35.232077,-115.796689,3,363,"MJV10-17-BIO-VT-8,-3-H3",SM,Basalt,,Fuzzy top grass clumps,5,TMTC,6,"Unknown ""fuzzy top""",,Sheila/Teresa,,,SM,
"MJV10-17-BIO-VT-8,-3-H3",35.232077,-115.796689,3,363,"MJV10-17-BIO-VT-8,-3-H3",SM,Basalt,,Wheat top grass clumps,TMTC,TMTC,6,"Unknown ""wheat top""",,Sheila/Teresa,,,SM,
"MJV10-17-BIO-VT-8,-3-H3",35.232077,-115.796689,3,363,"MJV10-17-BIO-VT-8,-3-H3",SM,Basalt,,Curly stalk unknown,2,TMTC,6,"Unknown ""curly stalk""",,Sheila/Teresa,,,SM,
"MJV10-17-BIO-VT-8,-3-H3",35.232077,-115.796689,3,363,"MJV10-17-BIO-VT-8,-3-H3",SM,Basalt,,Eriogonum inflatum,2,TMTC,6,Desert trumpet,,Sheila/Teresa,y,,SM,
"MJV10-17-BIO-VT-8,-3-H3",35.232077,-115.796689,3,363,"MJV10-17-BIO-VT-8,-3-H3",SM,Basalt,,Bromus madritensis ssp. Rubens,10,TMTC,6,Red brome,,Sheila/Teresa,y,,SM,
"MJV10-17-BIO-VT-8,-3-H4",35.23205,-115.796712,3,364,"MJV10-17-BIO-VT-8,-3-H4",SM,Gravel,,Fuzzy top grass clumps,2,24,6,"Unknown ""fuzzy top""",,Sheila/Teresa,,,SM,
"MJV10-17-BIO-VT-8,-3-H4",35.23205,-115.796712,3,364,"MJV10-17-BIO-VT-8,-3-H4",SM,Gravel,,Straw puff dried flower,2,24,6,Unknown straw puff dried flower top,,Sheila/Teresa,,,SM,
"MJV10-17-BIO-VT-8,-3-H4",35.23205,-115.796712,3,364,"MJV10-17-BIO-VT-8,-3-H4",SM,Gravel,,Eriogonum brachypodum,5,24,6,Skeleton weed,,Sheila/Teresa,y,,SM,
"MJV10-17-BIO-VT-8,-3-H4",35.23205,-115.796712,3,364,"MJV10-17-BIO-VT-8,-3-H4",SM,Gravel,,Eriogonum inflatum,2,24,6,Desert trumpet,,Sheila/Teresa,y,,SM,
"MJV10-17-BIO-VT-8,-3-H4",35.23205,-115.796712,3,364,"MJV10-17-BIO-VT-8,-3-H4",SM,Gravel,,Wheat top grass clumps,10,24,6,"Unknown ""wheat top""",,Sheila/Teresa,,,SM,
"MJV10-17-BIO-VT-8,-3-H4",35.23205,-115.796712,3,364,"MJV10-17-BIO-VT-8,-3-H4",SM,Gravel,,Unknown shrub,2,24,6,unknown shrub,small,Sheila/Teresa,,,SM,
"MJV10-17-BIO-VT-8,-3-H5",35.232002,-115.796697,3,365,"MJV10-17-BIO-VT-8,-3-H5",SM,Gravel,,Ephedra viridis,1,16,5,Morman tea,,Sheila/Teresa,y,,SM,
"MJV10-17-BIO-VT-8,-3-H5",35.232002,-115.796697,3,365,"MJV10-17-BIO-VT-8,-3-H5",SM,Gravel,,Fuzzy top grass clumps,5,16,5,"Unknown ""fuzzy top""",,Sheila/Teresa,,,SM,
"MJV10-17-BIO-VT-8,-3-H5",35.232002,-115.796697,3,365,"MJV10-17-BIO-VT-8,-3-H5",SM,Gravel,,Straw puff dried flower,1,16,5,Unknown straw puff dried flower top,,Sheila/Teresa,,,SM,
"MJV10-17-BIO-VT-8,-3-H5",35.232002,-115.796697,3,365,"MJV10-17-BIO-VT-8,-3-H5",SM,Gravel,,Eriogonum brachypodum,2,16,5,Skeleton weed,,Sheila/Teresa,y,,SM,
"MJV10-17-BIO-VT-8,-3-H5",35.232002,-115.796697,3,365,"MJV10-17-BIO-VT-8,-3-H5",SM,Gravel,,Wheat top grass clumps,7,16,5,"Unknown ""wheat top""",,Sheila/Teresa,,,SM,
"MJV10-17-BIO-VT-8,-3-H5",35.232002,-115.796697,3,365,"MJV10-17-BIO-VT-8,-3-H5",SM,Gravel,,Seedlings,NA,16,5,seedlings,,Sheila/Teresa,,,SM,
"MJV10-17-BIO-VT-8,-3-H6",35.231954,-115.796703,3,366,"MJV10-17-BIO-VT-8,-3-H6",SM,Gravel,,Cylindropuntia acanthocarpa,1,38,7,Buckhorn cholla,,Sheila/Teresa,y,,SM,
"MJV10-17-BIO-VT-8,-3-H6",35.231954,-115.796703,3,366,"MJV10-17-BIO-VT-8,-3-H6",SM,Gravel,,Larrea tridentata,1,38,7,Creosote bush,,Sheila/Teresa,y,,SM,
"MJV10-17-BIO-VT-8,-3-H6",35.231954,-115.796703,3,366,"MJV10-17-BIO-VT-8,-3-H6",SM,Gravel,,Ephedra viridis,1,38,7,Morman tea,,Sheila/Teresa,y,,SM,
"MJV10-17-BIO-VT-8,-3-H6",35.231954,-115.796703,3,366,"MJV10-17-BIO-VT-8,-3-H6",SM,Gravel,,Fuzzy top grass clumps,10,38,7,"Unknown ""fuzzy top""",,Sheila/Teresa,,,SM,
"MJV10-17-BIO-VT-8,-3-H6",35.231954,-115.796703,3,366,"MJV10-17-BIO-VT-8,-3-H6",SM,Gravel,,Wheat top grass clumps,15,38,7,"Unknown ""wheat top""",,Sheila/Teresa,,,SM,
"MJV10-17-BIO-VT-8,-3-H6",35.231954,-115.796703,3,366,"MJV10-17-BIO-VT-8,-3-H6",SM,Gravel,,Dasyochloa pulchella,3,38,7,Low woollygrass,,Sheila/Teresa,y,,SM,
"MJV10-17-BIO-VT-8,-3-H6",35.231954,-115.796703,3,366,"MJV10-17-BIO-VT-8,-3-H6",SM,Gravel,,seedlings,NA,38,7,seedlings,,Sheila/Teresa,,,SM,
"MJV10-17-BIO-VT-8,-3-H6",35.231954,-115.796703,3,366,"MJV10-17-BIO-VT-8,-3-H6",SM,Gravel,,Bromus madritensis ssp. Rubens,10,38,7,Red brome,,Sheila/Teresa,y,,SM,
"MJV10-17-BIO-VT-8,-3-H7",35.231931,-115.796745,3,367,"MJV10-17-BIO-VT-8,-3-H7",SM,Gravel,,Tidestromia suffruticosa,1,10,4,Honeysweet,,Sheila/Teresa,y,,SM,
"MJV10-17-BIO-VT-8,-3-H7",35.231931,-115.796745,3,367,"MJV10-17-BIO-VT-8,-3-H7",SM,Gravel,,Baccharis salicina,1,10,4,Mulefat,,Sheila/Teresa,y,,SM,
"MJV10-17-BIO-VT-8,-3-H7",35.231931,-115.796745,3,367,"MJV10-17-BIO-VT-8,-3-H7",SM,Gravel,,Bermuda grass clumps,6,10,4,"Unknown ""bermuda""",,Sheila/Teresa,,,SM,
"MJV10-17-BIO-VT-8,-3-H7",35.231931,-115.796745,3,367,"MJV10-17-BIO-VT-8,-3-H7",SM,Gravel,,Wheat top grass clumps,2,10,4,"Unknown ""wheat top""",,Sheila/Teresa,,,SM,
"MJV10-17-BIO-VT-8,-3-H8",35.231876,-115.796793,3,368,"MJV10-17-BIO-VT-8,-3-H8",SM,Sand,,Cylindropuntia californica,1,16,7,California cholla,,Sheila/Teresa,y,,SM,
"MJV10-17-BIO-VT-8,-3-H8",35.231876,-115.796793,3,368,"MJV10-17-BIO-VT-8,-3-H8",SM,Sand,,Echinocactus polycephalus,1,16,7,Cottontop cactus,,Sheila/Teresa,y,,SM,
"MJV10-17-BIO-VT-8,-3-H8",35.231876,-115.796793,3,368,"MJV10-17-BIO-VT-8,-3-H8",SM,Sand,,Baccharis salicina,2,16,7,Mulefat,,Sheila/Teresa,y,,SM,
"MJV10-17-BIO-VT-8,-3-H8",35.231876,-115.796793,3,368,"MJV10-17-BIO-VT-8,-3-H8",SM,Sand,,Senegalia gregii,1,16,7,Cat's claw,,Sheila/Teresa,y,,SM,
"MJV10-17-BIO-VT-8,-3-H8",35.231876,-115.796793,3,368,"MJV10-17-BIO-VT-8,-3-H8",SM,Sand,,Spiky top grass clumps,3,16,7,"Unknown ""spiky top""",,Sheila/Teresa,,,SM,
"MJV10-17-BIO-VT-8,-3-H8",35.231876,-115.796793,3,368,"MJV10-17-BIO-VT-8,-3-H8",SM,Sand,,Fuzzy top grass clumps,3,16,7,"Unknown ""fuzzy top""",,Sheila/Teresa,,,SM,
"MJV10-17-BIO-VT-8,-3-H8",35.231876,-115.796793,3,368,"MJV10-17-BIO-VT-8,-3-H8",SM,Sand,,Wheat top grass clumps,5,16,7,"Unknown ""wheat top""",,Sheila/Teresa,,,SM,
"MJV10-17-BIO-VT-8,-3-H8",35.231876,-115.796793,3,368,"MJV10-17-BIO-VT-8,-3-H8",SM,Sand,,seedlings,NA,16,7,seedlings,,Sheila/Teresa,,,SM,
"MJV10-17-BIO-VT-8,-3-H9",35.231858,-115.796779,3,369,"MJV10-17-BIO-VT-8,-3-H9",SM,Live Plant,,Eriogonum inflatum,1,14,4,Desert trumpet,,Sheila/Teresa,y,,SM,
"MJV10-17-BIO-VT-8,-3-H9",35.231858,-115.796779,3,369,"MJV10-17-BIO-VT-8,-3-H9",SM,Live Plant,,Baccharis salicina,1,14,4,Mulefat,,Sheila/Teresa,y,,SM,
"MJV10-17-BIO-VT-8,-3-H9",35.231858,-115.796779,3,369,"MJV10-17-BIO-VT-8,-3-H9",SM,Live Plant,,Wheat top grass clumps,10,14,4,"Unknown ""wheat top""",,Sheila/Teresa,,,SM,
"MJV10-17-BIO-VT-8,-3-H9",35.231858,-115.796779,3,369,"MJV10-17-BIO-VT-8,-3-H9",SM,Live Plant,,Straw flower top grass clumps,2,14,4,"Unknown ""straw flower top""",,Sheila/Teresa,,,SM,
"MJV10-17-BIO-VT-8,-3-H10",35.231834,-115.796805,3,370,"MJV10-17-BIO-VT-8,-3-H10",SM,Gravel,,Baccharis salicina,2,12,2,Mulefat,,Sheila/Teresa,y,,SM,
"MJV10-17-BIO-VT-8,-3-H10",35.231834,-115.796805,3,370,"MJV10-17-BIO-VT-8,-3-H10",SM,Gravel,,Wheat top grass clumps,10,12,2,"Unknown ""wheat top""",,Sheila/Teresa,,,SM,
"MJV10-17-BIO-VT-8,-3-H10",35.231834,-115.796805,3,370,"MJV10-17-BIO-VT-8,-3-H10",SM,Gravel,,Seedlings,NA,12,2,seedlings,,Sheila/Teresa,,,SM,
"MJV10-17-BIO-VT-8,-3-H10",35.231834,-115.796805,3,370,"MJV10-17-BIO-VT-8,-3-H10",SM,Gravel,,Green moss,NA,12,2,Green moss,,Sheila/Teresa,,,SM,
"MJV10-17-BIO-VT-8,-3-I1",35.232232,-115.796751,3,390,"MJV10-17-BIO-VT-8,-3-I1",SM,Basalt,,Ambrosia dumosa,2,TMTC,4,White bursage,,Sheila/Teresa,y,,SM,
"MJV10-17-BIO-VT-8,-3-I1",35.232232,-115.796751,3,390,"MJV10-17-BIO-VT-8,-3-I1",SM,Basalt,,Larrea tridentata,1,TMTC,4,Creosote bush,,Sheila/Teresa,y,,SM,
"MJV10-17-BIO-VT-8,-3-I1",35.232232,-115.796751,3,390,"MJV10-17-BIO-VT-8,-3-I1",SM,Basalt,,Wheat top grass clumps,TMTC,TMTC,4,"Unknown ""wheat top""",,Sheila/Teresa,,,SM,
"MJV10-17-BIO-VT-8,-3-I1",35.232232,-115.796751,3,390,"MJV10-17-BIO-VT-8,-3-I1",SM,Basalt,,Lichen,NA,TMTC,4,"yellow, white lichen",,Sheila/Teresa,,,SM,
"MJV10-17-BIO-VT-8,-3-I1",35.232232,-115.796751,3,390,"MJV10-17-BIO-VT-8,-3-I1",SM,Basalt,,Fuzzy top grass clumps,1,TMTC,4,"Unknown ""fuzzy top""",,Sheila/Teresa,,,SM,
"MJV10-17-BIO-VT-8,-3-I2",35.232268,-115.796719,3,391,"MJV10-17-BIO-VT-8,-3-I2",SM,Gravel,,Unknown shrub,2,TMTC,3,unknown shrub,pic,Sheila/Teresa,,,SM,
"MJV10-17-BIO-VT-8,-3-I2",35.232268,-115.796719,3,391,"MJV10-17-BIO-VT-8,-3-I2",SM,Gravel,,Wheat top grass clumps,TMTC,TMTC,3,"Unknown ""wheat top""",,Sheila/Teresa,,,SM,
"MJV10-17-BIO-VT-8,-3-I2",35.232268,-115.796719,3,391,"MJV10-17-BIO-VT-8,-3-I2",SM,Gravel,,Green moss,NA,TMTC,3,Green moss,,Sheila/Teresa,,,SM,
"MJV10-17-BIO-VT-8,-3-I2",35.232268,-115.796719,3,391,"MJV10-17-BIO-VT-8,-3-I2",SM,Gravel,,Bromus madritensis ssp. Rubens,TMTC,TMTC,3,Red brome,,Sheila/Teresa,y,,SM,
"MJV10-17-BIO-VT-8,-3-I3",35.232328,-115.796705,3,392,"MJV10-17-BIO-VT-8,-3-I3",SM,Gravel,,Opuntia basilaris,2,TMTC,5,Beavertail cactus,,Sheila/Teresa,y,,SM,
"MJV10-17-BIO-VT-8,-3-I3",35.232328,-115.796705,3,392,"MJV10-17-BIO-VT-8,-3-I3",SM,Gravel,,Atriplex canescens,2,TMTC,5,Saltbush,,Sheila/Teresa,y,,SM,
"MJV10-17-BIO-VT-8,-3-I3",35.232328,-115.796705,3,392,"MJV10-17-BIO-VT-8,-3-I3",SM,Gravel,,Dasyochloa pulchella,2,TMTC,5,Low woollygrass,,Sheila/Teresa,y,,SM,
"MJV10-17-BIO-VT-8,-3-I3",35.232328,-115.796705,3,392,"MJV10-17-BIO-VT-8,-3-I3",SM,Gravel,,Wheat top grass clumps,TMTC,TMTC,5,"Unknown ""wheat top""",,Sheila/Teresa,,,SM,
"MJV10-17-BIO-VT-8,-3-I3",35.232328,-115.796705,3,392,"MJV10-17-BIO-VT-8,-3-I3",SM,Gravel,,Bromus madritensis ssp. Rubens,TMTC,TMTC,5,Red brome,,Sheila/Teresa,y,,SM,
"MJV10-17-BIO-VT-8,-3-I3",35.232328,-115.796705,3,392,"MJV10-17-BIO-VT-8,-3-I3",SM,Gravel,,Seedlings,NA,TMTC,5,seedlings,,Sheila/Teresa,,,SM,
"MJV10-17-BIO-VT-8,-3-I4",35.232387,-115.796661,3,393,"MJV10-17-BIO-VT-8,-3-I4",SM,Basalt,,Yucca schidigera,1,15,7,Mojave yucca,20° incline,Sheila/Teresa,y,,SM,
"MJV10-17-BIO-VT-8,-3-I4",35.232387,-115.796661,3,393,"MJV10-17-BIO-VT-8,-3-I4",SM,Basalt,,Atriplex canescens,1,15,7,Saltbush,,Sheila/Teresa,y,,SM,
"MJV10-17-BIO-VT-8,-3-I4",35.232387,-115.796661,3,393,"MJV10-17-BIO-VT-8,-3-I4",SM,Basalt,,Ferocactus cylindraceus,1,15,7,Barrel cactus,,Sheila/Teresa,y,,SM,
"MJV10-17-BIO-VT-8,-3-I4",35.232387,-115.796661,3,393,"MJV10-17-BIO-VT-8,-3-I4",SM,Basalt,,Straw flower top grass clumps,2,15,7,"Unknown ""straw flower top""",,Sheila/Teresa,,,SM,
"MJV10-17-BIO-VT-8,-3-I4",35.232387,-115.796661,3,393,"MJV10-17-BIO-VT-8,-3-I4",SM,Basalt,,Wheat top grass clumps,5,15,7,"Unknown ""wheat top""",,Sheila/Teresa,,,SM,
"MJV10-17-BIO-VT-8,-3-I4",35.232387,-115.796661,3,393,"MJV10-17-BIO-VT-8,-3-I4",SM,Basalt,,Bromus madritensis ssp. Rubens,5,15,7,Red brome,,Sheila/Teresa,y,,SM,
"MJV10-17-BIO-VT-8,-3-I4",35.232387,-115.796661,3,393,"MJV10-17-BIO-VT-8,-3-I4",SM,Basalt,,Fine green grass clumps,5,15,7,"Unknown ""fine grass""",,Sheila/Teresa,,,SM,
"MJV10-17-BIO-VT-8,-3-I4",35.232387,-115.796661,3,393,"MJV10-17-BIO-VT-8,-3-I4",SM,Basalt,,seedlings,NA,15,7,seedlings,,Sheila/Teresa,,,SM,
"MJV10-17-BIO-VT-8,-3-I4",35.232387,-115.796661,3,393,"MJV10-17-BIO-VT-8,-3-I4",SM,Basalt,,Green moss,NA,15,7,Green moss,,Sheila/Teresa,,,SM,
"MJV10-17-BIO-VT-8,-3-I5",35.232442,-115.796627,3,394,"MJV10-17-BIO-VT-8,-3-I5",SM,Granite,,Ambrosia dumosa,1,10,5,White bursage,,Sheila/Teresa,y,,SM,
"MJV10-17-BIO-VT-8,-3-I5",35.232442,-115.796627,3,394,"MJV10-17-BIO-VT-8,-3-I5",SM,Granite,,Ephedra viridis,2,10,5,Morman tea,,Sheila/Teresa,y,,SM,
"MJV10-17-BIO-VT-8,-3-I5",35.232442,-115.796627,3,394,"MJV10-17-BIO-VT-8,-3-I5",SM,Granite,,Eriogonum inflatum,1,10,5,Desert trumpet,,Sheila/Teresa,Y,,SM,
"MJV10-17-BIO-VT-8,-3-I5",35.232442,-115.796627,3,394,"MJV10-17-BIO-VT-8,-3-I5",SM,Granite,,Dasyochloa pulchella,3,10,5,Low woollygrass,,Sheila/Teresa,Y,,SM,
"MJV10-17-BIO-VT-8,-3-I5",35.232442,-115.796627,3,394,"MJV10-17-BIO-VT-8,-3-I5",SM,Granite,,Straw flower top grass clumps,3,10,5,"Unknown ""straw flower top""",,Sheila/Teresa,,,SM,
"MJV10-17-BIO-VT-8,-3-I6",35.232474,-115.796629,3,395,"MJV10-17-BIO-VT-8,-3-I6",SM,Basalt,,Ferocactus cylindraceus,1,16,6,Barrel cactus,,Sheila/Teresa,Y,,SM,
"MJV10-17-BIO-VT-8,-3-I6",35.232474,-115.796629,3,395,"MJV10-17-BIO-VT-8,-3-I6",SM,Basalt,,Atriplex canescens,1,16,6,Saltbush,,Sheila/Teresa,Y,,SM,
"MJV10-17-BIO-VT-8,-3-I6",35.232474,-115.796629,3,395,"MJV10-17-BIO-VT-8,-3-I6",SM,Basalt,,Ambrosia dumosa,2,16,6,White bursage,,Sheila/Teresa,Y,,SM,
"MJV10-17-BIO-VT-8,-3-I6",35.232474,-115.796629,3,395,"MJV10-17-BIO-VT-8,-3-I6",SM,Basalt,,Bromus madritensis ssp. Rubens,10,16,6,Red brome,,Sheila/Teresa,Y,,SM,
"MJV10-17-BIO-VT-8,-3-I6",35.232474,-115.796629,3,395,"MJV10-17-BIO-VT-8,-3-I6",SM,Basalt,,Straw flower top grass clumps,1,16,6,"Unknown ""straw flower top""",,Sheila/Teresa,,,SM,
"MJV10-17-BIO-VT-8,-3-I6",35.232474,-115.796629,3,395,"MJV10-17-BIO-VT-8,-3-I6",SM,Basalt,,Dasyochloa pulchella,1,16,6,Low woollygrass,,Sheila/Teresa,Y,,SM,
"MJV10-17-BIO-VT-8,-3-I7",35.232501,-115.796626,3,396,"MJV10-17-BIO-VT-8,-3-I7",SM,Live Plant,,Larrea tridentata,1,TMTC,4,Creosote bush,,Sheila/Teresa,Y,,SM,
"MJV10-17-BIO-VT-8,-3-I7",35.232501,-115.796626,3,396,"MJV10-17-BIO-VT-8,-3-I7",SM,Live Plant,,Atriplex canescens,1,TMTC,4,Saltbush,,Sheila/Teresa,Y,,SM,
"MJV10-17-BIO-VT-8,-3-I7",35.232501,-115.796626,3,396,"MJV10-17-BIO-VT-8,-3-I7",SM,Live Plant,,Straw flower top grass clumps,7,TMTC,4,"Unknown ""straw flower top""",,Sheila/Teresa,,,SM,
"MJV10-17-BIO-VT-8,-3-I7",35.232501,-115.796626,3,396,"MJV10-17-BIO-VT-8,-3-I7",SM,Live Plant,,Bromus madritensis ssp. Rubens,TMTC,TMTC,4,Red brome,,Sheila/Teresa,Y,,SM,
"MJV10-17-BIO-VT-8,-3-I8",35.232514,-115.796617,3,397,"MJV10-17-BIO-VT-8,-3-I8",SM,Basalt,,Straw flower top grass clumps,5,30,4,"Unknown ""straw flower top""",,Sheila/Teresa,,,SM,
"MJV10-17-BIO-VT-8,-3-I8",35.232514,-115.796617,3,397,"MJV10-17-BIO-VT-8,-3-I8",SM,Basalt,,Atriplex canescens,2,30,4,Saltbush,,Sheila/Teresa,Y,,SM,
"MJV10-17-BIO-VT-8,-3-I8",35.232514,-115.796617,3,397,"MJV10-17-BIO-VT-8,-3-I8",SM,Basalt,,Wheat top grass clumps,3,30,4,"Unknown ""wheat top""",,Sheila/Teresa,,,SM,
"MJV10-17-BIO-VT-8,-3-I8",35.232514,-115.796617,3,397,"MJV10-17-BIO-VT-8,-3-I8",SM,Basalt,,Bromus madritensis ssp. Rubens,20,30,4,Red brome,,Sheila/Teresa,Y,,SM,
"MJV10-17-BIO-VT-8,-3-I9",35.232539,-115.79659,3,398,"MJV10-17-BIO-VT-8,-3-I9",SM,Granite,,Atriplex canescens,1,25,6,Saltbush,45° incline,Sheila/Teresa,Y,,SM,
"MJV10-17-BIO-VT-8,-3-I9",35.232539,-115.79659,3,398,"MJV10-17-BIO-VT-8,-3-I9",SM,Granite,,Echinocactus polycephalus,1,25,6,Cottontop cactus,,Sheila/Teresa,Y,,SM,
"MJV10-17-BIO-VT-8,-3-I9",35.232539,-115.79659,3,398,"MJV10-17-BIO-VT-8,-3-I9",SM,Granite,,Wheat top grass clumps,1,25,6,"Unknown ""wheat top""",,Sheila/Teresa,,,SM,
"MJV10-17-BIO-VT-8,-3-I9",35.232539,-115.79659,3,398,"MJV10-17-BIO-VT-8,-3-I9",SM,Granite,,Straw flower top grass clumps,9,25,6,"Unknown ""straw flower top""",,Sheila/Teresa,,,SM,
"MJV10-17-BIO-VT-8,-3-I9",35.232539,-115.79659,3,398,"MJV10-17-BIO-VT-8,-3-I9",SM,Granite,,Fuzzy top grass clumps,3,25,6,"Unknown ""fuzzy top""",,Sheila/Teresa,,,SM,
"MJV10-17-BIO-VT-8,-3-I9",35.232539,-115.79659,3,398,"MJV10-17-BIO-VT-8,-3-I9",SM,Granite,,Bromus madritensis ssp. Rubens,10,25,6,Red brome,,Sheila/Teresa,Y,,SM,
"MJV10-17-BIO-VT-8,-3-I9",35.232539,-115.79659,3,398,"MJV10-17-BIO-VT-8,-3-I9",SM,Granite,,Seedlings,NA,25,6,seedlings,,Sheila/Teresa,,,SM,
"MJV10-17-BIO-VT-8,-3-I10",35.232562,-115.796628,3,399,"MJV10-17-BIO-VT-8,-3-I10",SM,Gravel,,Sphaeralcea ambigua,1,TMTC,6,Globemallow,,Sheila/Teresa,Y,,SM,
"MJV10-17-BIO-VT-8,-3-I10",35.232562,-115.796628,3,399,"MJV10-17-BIO-VT-8,-3-I10",SM,Gravel,,Fuzzy top grass clumps,3,TMTC,6,"Unknown ""fuzzy top""",,Sheila/Teresa,,,SM,
"MJV10-17-BIO-VT-8,-3-I10",35.232562,-115.796628,3,399,"MJV10-17-BIO-VT-8,-3-I10",SM,Gravel,,Straw flower top grass clumps,10,TMTC,6,"Unknown ""straw flower""",,Sheila/Teresa,,,SM,
"MJV10-17-BIO-VT-8,-3-I10",35.232562,-115.796628,3,399,"MJV10-17-BIO-VT-8,-3-I10",SM,Gravel,,Dasyochloa pulchella,1,TMTC,6,Low woollygrass,,Sheila/Teresa,Y,,SM,
"MJV10-17-BIO-VT-8,-3-I10",35.232562,-115.796628,3,399,"MJV10-17-BIO-VT-8,-3-I10",SM,Gravel,,Wheat top grass clumps,5,TMTC,6,"Unknown ""wheat top""",,Sheila/Teresa,,,SM,
"MJV10-17-BIO-VT-8,-3-I10",35.232562,-115.796628,3,399,"MJV10-17-BIO-VT-8,-3-I10",SM,Gravel,,Green moss,NA,TMTC,6,Green moss,,Sheila/Teresa,,,SM,
"MJV10-17-BIO-VT-8,-3-I10",35.232562,-115.796628,3,399,"MJV10-17-BIO-VT-8,-3-I10",SM,Gravel,,Seedlings,NA,TMTC,6,seedlings,,Sheila/Teresa,,,SM,
"MJV10-17-BIO-VT-8,-3-I10",35.232562,-115.796628,3,399,"MJV10-17-BIO-VT-8,-3-I10",SM,Gravel,,Bromus madritensis ssp. Rubens,TMTC,TMTC,6,Red brome,,Sheila/Teresa,Y,,SM,
"MJV10-17-BIO-VT-8,-3-J1",35.232122,-115.79691,3,400,"MJV10-17-BIO-VT-8,-3-J1",SM,Gravel,,Echinocereus engelmannii,1,13,4,Hedgehog cactus,,Sheila/Teresa,Y,,SM,
"MJV10-17-BIO-VT-8,-3-J1",35.232122,-115.79691,3,400,"MJV10-17-BIO-VT-8,-3-J1",SM,Gravel,,Unknown shrub,1,13,4,Rabbitbush?,,Sheila/Teresa,,,SM,
"MJV10-17-BIO-VT-8,-3-J1",35.232122,-115.79691,3,400,"MJV10-17-BIO-VT-8,-3-J1",SM,Gravel,,Curly stalk unknown,1,13,4,"Unknown ""curly stalk""",,Sheila/Teresa,,,SM,
"MJV10-17-BIO-VT-8,-3-J1",35.232122,-115.79691,3,400,"MJV10-17-BIO-VT-8,-3-J1",SM,Gravel,,Wheat top grass clumps,10,13,4,"Unknown ""wheat top""",,Sheila/Teresa,,,SM,
"MJV10-17-BIO-VT-8,-3-J2",35.232079,-115.79691,3,401,"MJV10-17-BIO-VT-8,-3-J2",SM,Gravel,,Eriogonum inflatum,3,10,4,Desert trumpet,,Sheila/Teresa,Y,,SM,
"MJV10-17-BIO-VT-8,-3-J2",35.232079,-115.79691,3,401,"MJV10-17-BIO-VT-8,-3-J2",SM,Gravel,,Ephedra viridis,1,10,4,Morman tea,,Sheila/Teresa,Y,,SM,
"MJV10-17-BIO-VT-8,-3-J2",35.232079,-115.79691,3,401,"MJV10-17-BIO-VT-8,-3-J2",SM,Gravel,,Ferocactus cylindraceus,1,10,4,Barrel cactus,,Sheila/Teresa,Y,,SM,
"MJV10-17-BIO-VT-8,-3-J2",35.232079,-115.79691,3,401,"MJV10-17-BIO-VT-8,-3-J2",SM,Gravel,,Wheat top grass clumps,5,10,4,"Unknown ""wheat top""",,Sheila/Teresa,,,SM,
"MJV10-17-BIO-VT-8,-3-J2",35.232079,-115.79691,3,401,"MJV10-17-BIO-VT-8,-3-J2",SM,Gravel,,Seedlings,NA,10,4,seedlings,,Sheila/Teresa,,,SM,
"MJV10-17-BIO-VT-8,-3-J3",35.232022,-115.79692,3,402,"MJV10-17-BIO-VT-8,-3-J3",SM,Sand,,Eriogonum inflatum,1,7,3,Desert trumpet,,Sheila/Teresa,Y,,SM,
"MJV10-17-BIO-VT-8,-3-J3",35.232022,-115.79692,3,402,"MJV10-17-BIO-VT-8,-3-J3",SM,Sand,,Unknown shrub,1,7,3,Rabbitbush?,,Sheila/Teresa,,,SM,
"MJV10-17-BIO-VT-8,-3-J3",35.232022,-115.79692,3,402,"MJV10-17-BIO-VT-8,-3-J3",SM,Sand,,Wheat top grass clumps,5,7,3,"Unknown ""wheat top""",,Sheila/Teresa,,,SM,
"MJV10-17-BIO-VT-8,-3-J4",35.231985,-115.796931,3,403,"MJV10-17-BIO-VT-8,-3-J4",SM,Gravel,,Tidestromia suffruticosa,2,29,4,Honeysweet,,Sheila/Teresa,Y,,SM,
"MJV10-17-BIO-VT-8,-3-J4",35.231985,-115.796931,3,403,"MJV10-17-BIO-VT-8,-3-J4",SM,Gravel,,Eriogonum inflatum,2,29,4,Desert trumpet,,Sheila/Teresa,Y,,SM,
"MJV10-17-BIO-VT-8,-3-J4",35.231985,-115.796931,3,403,"MJV10-17-BIO-VT-8,-3-J4",SM,Gravel,,Wheat top grass clumps,15,29,4,"Unknown ""wheat top""",,Sheila/Teresa,,,SM,
"MJV10-17-BIO-VT-8,-3-J4",35.231985,-115.796931,3,403,"MJV10-17-BIO-VT-8,-3-J4",SM,Gravel,,Bromus madritensis ssp. Rubens,10,29,4,Red brome,,Sheila/Teresa,Y,,SM,
"MJV10-17-BIO-VT-8,-3-J5",35.231945,-115.796917,3,404,"MJV10-17-BIO-VT-8,-3-J5",SM,Gravel,,Baccharis salicina,3,TMTC,2,Mulefat,,Sheila/Teresa,Y,,SM,
"MJV10-17-BIO-VT-8,-3-J5",35.231945,-115.796917,3,404,"MJV10-17-BIO-VT-8,-3-J5",SM,Gravel,,Bermuda grass clumps,TMTC,TMTC,2,"Unknown ""bermuda""",,Sheila/Teresa,,,SM,
"MJV10-17-BIO-VT-8,-3-J6",35.231904,-115.796896,3,405,"MJV10-17-BIO-VT-8,-3-J6",SM,Sand,,Cylindropuntia acanthocarpa,1,TMTC,4,Buckhorn cholla,,Sheila/Teresa,Y,,SM,
"MJV10-17-BIO-VT-8,-3-J6",35.231904,-115.796896,3,405,"MJV10-17-BIO-VT-8,-3-J6",SM,Sand,,Baccharis salicina,4,TMTC,4,Mulefat,,Sheila/Teresa,Y,,SM,
"MJV10-17-BIO-VT-8,-3-J6",35.231904,-115.796896,3,405,"MJV10-17-BIO-VT-8,-3-J6",SM,Sand,,Bermuda grass clumps,TMTC,TMTC,4,"Unknown ""bermuda""",,Sheila/Teresa,,,SM,
"MJV10-17-BIO-VT-8,-3-J6",35.231904,-115.796896,3,405,"MJV10-17-BIO-VT-8,-3-J6",SM,Sand,,Bromus madritensis ssp. Rubens,TMTC,TMTC,4,Red brome,,Sheila/Teresa,Y,,SM,
"MJV10-17-BIO-VT-8,-3-J6",35.231904,-115.796896,3,405,"MJV10-17-BIO-VT-8,-3-J6",SM,Sand,,Green moss,NA,TMTC,4,Green moss,,Sheila/Teresa,,,SM,
"MJV10-17-BIO-VT-8,-3-J7",35.231863,-115.796896,3,406,"MJV10-17-BIO-VT-8,-3-J7",SM,Basalt,,Bermuda grass clumps,TMTC,TMTC,4,"Unknown ""bermuda""",,Sheila/Teresa,,,SM,
"MJV10-17-BIO-VT-8,-3-J7",35.231863,-115.796896,3,406,"MJV10-17-BIO-VT-8,-3-J7",SM,Basalt,,Seedlings,NA,TMTC,4,seedlings,,Sheila/Teresa,,,SM,
"MJV10-17-BIO-VT-8,-3-J7",35.231863,-115.796896,3,406,"MJV10-17-BIO-VT-8,-3-J7",SM,Basalt,,Bromus madritensis ssp. Rubens,TMTC,TMTC,4,Red brome,,Sheila/Teresa,Y,,SM,
"MJV10-17-BIO-VT-8,-3-J7",35.231863,-115.796896,3,406,"MJV10-17-BIO-VT-8,-3-J7",SM,Basalt,,Opuntia basilaris,1,TMTC,4,Beavertail cactus,,Sheila/Teresa,Y,,SM,
"MJV10-17-BIO-VT-8,-3-J7",35.231863,-115.796896,3,406,"MJV10-17-BIO-VT-8,-3-J7",SM,Basalt,,Baccharis salicina,1,TMTC,4,Mulefat,,Sheila/Teresa,Y,,SM,
"MJV10-17-BIO-VT-8,-3-J8",35.231842,-115.796886,3,407,"MJV10-17-BIO-VT-8,-3-J8",SM,Granite,,Baccharis salicina,2,2,1,Mulefat,,Sheila/Teresa,Y,,SM,
"MJV10-17-BIO-VT-8,-3-J9",35.231802,-115.796869,3,408,"MJV10-17-BIO-VT-8,-3-J9",SM,Gravel,,Ferocactus cylindraceus,1,TMTC,6,Barrel cactus,,Sheila/Teresa,Y,,SM,
"MJV10-17-BIO-VT-8,-3-J9",35.231802,-115.796869,3,408,"MJV10-17-BIO-VT-8,-3-J9",SM,Gravel,,Eriogonum inflatum,1,TMTC,6,Desert trumpet,,Sheila/Teresa,Y,,SM,
"MJV10-17-BIO-VT-8,-3-J9",35.231802,-115.796869,3,408,"MJV10-17-BIO-VT-8,-3-J9",SM,Gravel,,Wheat top grass clumps,TMTC,TMTC,6,"Unknown ""wheat top""",,Sheila/Teresa,,,SM,
"MJV10-17-BIO-VT-8,-3-J9",35.231802,-115.796869,3,408,"MJV10-17-BIO-VT-8,-3-J9",SM,Gravel,,Bromus madritensis ssp. Rubens,TMTC,TMTC,6,Red brome,,Sheila/Teresa,Y,,SM,
"MJV10-17-BIO-VT-8,-3-J9",35.231802,-115.796869,3,408,"MJV10-17-BIO-VT-8,-3-J9",SM,Gravel,,Green moss,NA,TMTC,6,Green moss,,Sheila/Teresa,,,SM,
"MJV10-17-BIO-VT-8,-3-J9",35.231802,-115.796869,3,408,"MJV10-17-BIO-VT-8,-3-J9",SM,Gravel,,Baccharis salicina,2,TMTC,6,Mulefat,,Sheila/Teresa,Y,,SM,
"MJV10-17-BIO-VT-8,-3-J9",35.231802,-115.796869,3,408,"MJV10-17-BIO-VT-8,-3-J9",SM,Gravel,,Straw puff dried flower,1,TMTC,6,Unknown straw puff dried flower top,,Sheila/Teresa,,,SM,
"MJV10-17-BIO-VT-8,-3-J10",35.231778,-115.796885,3,409,"MJV10-17-BIO-VT-8,-3-J10",SM,Granite,,Yucca schidigera,1,TMTC,4,Mojave yucca,,Sheila/Teresa,Y,,SM,
"MJV10-17-BIO-VT-8,-3-J10",35.231778,-115.796885,3,409,"MJV10-17-BIO-VT-8,-3-J10",SM,Granite,,Baccharis salicina,2,TMTC,4,Mulefat,,Sheila/Teresa,Y,,SM,
"MJV10-17-BIO-VT-8,-3-J10",35.231778,-115.796885,3,409,"MJV10-17-BIO-VT-8,-3-J10",SM,Granite,,Wheat top grass clumps,TMTC,TMTC,4,"Unknown ""wheat top""",,Sheila/Teresa,,,SM,
"MJV10-17-BIO-VT-8,-3-J10",35.231778,-115.796885,3,409,"MJV10-17-BIO-VT-8,-3-J10",SM,Granite,,Bromus madritensis ssp. Rubens,TMTC,TMTC,4,Red brome,,Sheila/Teresa,Y,,SM,
"MJV10-17-BIO-VT-8,-3-J10",35.231778,-115.796885,3,409,"MJV10-17-BIO-VT-8,-3-J10",SM,Granite,,Green moss,NA,TMTC,4,Green moss,,Sheila/Teresa,,,SM,
"MJV10-17-BIO-VT-8,-3-J10",35.231778,-115.796885,3,409,"MJV10-17-BIO-VT-8,-3-J10",SM,Granite,,Lichen,NA,TMTC,4,"yellow, green lichen",,Sheila/Teresa,,,SM,
"MJV10-17-BIO-VT-8,-3-J10",35.231778,-115.796885,3,409,"MJV10-17-BIO-VT-8,-3-J10",SM,Granite,,Seedlings,NA,TMTC,4,seedlings,,Sheila/Teresa,,,SM,