Object_ID,Observation ,GPS #,WP,Latitude,Longitude,Date,Note_Taker,Team_Members,Camera_Phone,Picture_ID,Cover_Class,Average_Slope,Common_Name,Family,Genus_Species,Number,Total_Vascular_No_Grasses,Abstract_Notes,Notebook_ID,, 
1,"MJV9-16-BIO-VT-3,2-A1",3,198,35.235385,-115.801957,,,Sheila/Kevin,Sheila,"MJV9-16-BIO-VT-3,2-A1",Basalt Pebbles,,White bursage,Asteraceae ,Ambrosia dumosa,1,4,White bursage,6,,
2,"MJV9-16-BIO-VT-3,2-A1",3,198,35.235385,-115.801957,,,Sheila/Kevin,Sheila,"MJV9-16-BIO-VT-3,2-A1",Basalt Pebbles,,California cholla,Cactaceae,Cylindropuntia californica,1,4,California cholla,6,,
3,"MJV9-16-BIO-VT-3,2-A1",3,198,35.235385,-115.801957,,,Sheila/Kevin,Sheila,"MJV9-16-BIO-VT-3,2-A1",Basalt Pebbles,,Mormon tea,Ephedraceae,Ephedra viridis,2,4,"Morman tea, slightly dormant",6,,
4,"MJV9-16-BIO-VT-3,2-A2",3,199,35.235392,-115.802009,,,Sheila/Kevin,Sheila,"MJV9-16-BIO-VT-3,2-A2",Basalt Pebbles,,,,Dead annual plant,2,8,brown,6,,
5,"MJV9-16-BIO-VT-3,2-A2",3,199,35.235392,-115.802009,,,Sheila/Kevin,Sheila,"MJV9-16-BIO-VT-3,2-A2",Basalt Pebbles,,,Poaceae,FIne grass clumps,3,8,"yellow, brown",6,,
6,"MJV9-16-BIO-VT-3,2-A2",3,199,35.235392,-115.802009,,,Sheila/Kevin,Sheila,"MJV9-16-BIO-VT-3,2-A2",Basalt Pebbles,,,,Thicker grass clump,1,8,"yellow, brown",6,,
7,"MJV9-16-BIO-VT-3,2-A2",3,199,35.235392,-115.802009,,,Sheila/Kevin,Sheila,"MJV9-16-BIO-VT-3,2-A2",Basalt Pebbles,,,Poaceae,Wheat top grass clumps,2,8,"yellow, brown",6,,
8,"MJV9-16-BIO-VT-3,2-A3",3,200,35.235391,-115.802066,,,Sheila/Kevin,Sheila,"MJV9-16-BIO-VT-3,2-A3",Sand,,Buckhorn cholla,Cactaceae,Cylindropuntia acanthocarpa,1,TMTC,Buckhorn cholla,6,,
9,"MJV9-16-BIO-VT-3,2-A3",3,200,35.235391,-115.802066,,,Sheila/Kevin,Sheila,"MJV9-16-BIO-VT-3,2-A3",Sand,,Mormon tea,Ephedraceae,Ephedra viridis,1,TMTC,Morman tea,6,,
10,"MJV9-16-BIO-VT-3,2-A3",3,200,35.235391,-115.802066,,,Sheila/Kevin,Sheila,"MJV9-16-BIO-VT-3,2-A3",Sand,,,Poaceae,Fine grass clumps,3,TMTC,"yellow, brown",6,,
11,"MJV9-16-BIO-VT-3,2-A3",3,200,35.235391,-115.802066,,,Sheila/Kevin,Sheila,"MJV9-16-BIO-VT-3,2-A3",Sand,,,Poaceae,Wheat top grass clumps,TMTC,TMTC,"yellow, brown",6,,
12,"MJV9-16-BIO-VT-3,2-A3",3,200,35.235391,-115.802066,,,Sheila/Kevin,Sheila,"MJV9-16-BIO-VT-3,2-A3",Sand,,Mojave yucca,Agavaceae,Yucca schidigera,1,TMTC,Mojave yucca,6,,
13,"MJV9-16-BIO-VT-3,2-A4",3,201,35.235397,-115.802107,,,Sheila/Kevin,Sheila,"MJV9-16-BIO-VT-3,2-A4",Basalt Rock,,Buckhorn cholla,Cactaceae,Cylindropuntia acanthocarpa,1,12,Buckhorn cholla,6,,
14,"MJV9-16-BIO-VT-3,2-A4",3,201,35.235397,-115.802107,,,Sheila/Kevin,Sheila,"MJV9-16-BIO-VT-3,2-A4",Basalt Rock,,Hedgehog cactus,Cactaceae,Echinocereus engelmannii,1,12,"Hedgehog cactus, small",6,,
15,"MJV9-16-BIO-VT-3,2-A4",3,201,35.235397,-115.802107,,,Sheila/Kevin,Sheila,"MJV9-16-BIO-VT-3,2-A4",Basalt Rock,,Barrel cactus,Cactaceae,Ferocactus cylindraceus,2,12,Barrel cactus,6,,
16,"MJV9-16-BIO-VT-3,2-A4",3,201,35.235397,-115.802107,,,Sheila/Kevin,Sheila,"MJV9-16-BIO-VT-3,2-A4",Basalt Rock,,,Poaceae,FIne grass clumps,5,12,"yellow, brown",6,,
17,"MJV9-16-BIO-VT-3,2-A4",3,201,35.235397,-115.802107,,,Sheila/Kevin,Sheila,"MJV9-16-BIO-VT-3,2-A4",Basalt Rock,,,,Unknown grass,1,12,"Dead with spiky ""leaves""",6,,
18,"MJV9-16-BIO-VT-3,2-A4",3,201,35.235397,-115.802107,,,Sheila/Kevin,Sheila,"MJV9-16-BIO-VT-3,2-A4",Basalt Rock,,,Poaceae,Wheat top grass clumps,1,12,"yellow, brown",6,,
19,"MJV9-16-BIO-VT-3,2-A4",3,201,35.235397,-115.802107,,,Sheila/Kevin,Sheila,"MJV9-16-BIO-VT-3,2-A4",Basalt Rock,,Mojave yucca,Agavaceae,Yucca schidigera,1,12,Mojave yucca,6,,
20,"MJV9-16-BIO-VT-3,2-A5",3,202,35.235408,-115.802144,,,Sheila/Kevin,Sheila,"MJV9-16-BIO-VT-3,2-A5",Basalt Rock,,Mormon tea,Ephedraceae,Ephedra viridis,1,4,Morman tea,6,,
21,"MJV9-16-BIO-VT-3,2-A5",3,202,35.235408,-115.802144,,,Sheila/Kevin,Sheila,"MJV9-16-BIO-VT-3,2-A5",Basalt Rock,,,Poaceae,FIne grass clumps,2,4,"yellow, brown",6,,
22,"MJV9-16-BIO-VT-3,2-A5",3,202,35.235408,-115.802144,,,Sheila/Kevin,Sheila,"MJV9-16-BIO-VT-3,2-A5",Basalt Rock,,,Poaceae,Spiky stalk grass,1,4,"Spiky stalk grass, unknown",6,,
23,"MJV9-16-BIO-VT-3,2-A5a",3,203,35.235428,-115.802196,,,Sheila/Kevin,Sheila,"MJV9-16-BIO-VT-3,2-A5a",Sand,,Hedgehog cactus,Cactaceae,Echinocereus engelmannii,1,4,"Hedgehog cactus, dying, dead",6,,
24,"MJV9-16-BIO-VT-3,2-A5a",3,203,35.235428,-115.802196,,,Sheila/Kevin,Sheila,"MJV9-16-BIO-VT-3,2-A5a",Sand,,Mormon tea,Ephedraceae,Ephedra viridis,1,4,Morman tea,6,,
25,"MJV9-16-BIO-VT-3,2-A5a",3,203,35.235428,-115.802196,,,Sheila/Kevin,Sheila,"MJV9-16-BIO-VT-3,2-A5a",Sand,,,Poaceae,Wheat top grass clumps,2,4,"yellow, brown",6,,
26,"MJV9-16-BIO-VT-3,2-A6",3,204,35.235408,-115.802229,,,Sheila/Kevin,Sheila,"MJV9-16-BIO-VT-3,2-A6",Basalt Rock,,Buckhorn cholla,Cactaceae,Cylindropuntia acanthocarpa,1,4,Buckhorn cholla,6,,
27,"MJV9-16-BIO-VT-3,2-A6",3,204,35.235408,-115.802229,,,Sheila/Kevin,Sheila,"MJV9-16-BIO-VT-3,2-A6",Basalt Rock,,,Poaceae,FIne grass clumps,TMTC,4,"yellow, brown",6,,
28,"MJV9-16-BIO-VT-3,2-A6",3,204,35.235408,-115.802229,,,Sheila/Kevin,Sheila,"MJV9-16-BIO-VT-3,2-A6",Basalt Rock,,,Poaceae,Maroon/green fine grass,1,4,Possible Red Brome,6,,
29,"MJV9-16-BIO-VT-3,2-A6",3,204,35.235408,-115.802229,,,Sheila/Kevin,Sheila,"MJV9-16-BIO-VT-3,2-A6",Basalt Rock,,,Poaceae,Wheat top grass clumps,TMTC,4,"yellow, brown",6,,
30,"MJV9-16-BIO-VT-3,2-A7",3,205,35.235421,-115.802287,,,Sheila/Kevin,Sheila,"MJV9-16-BIO-VT-3,2-A7",Sand,,Hedgehog cactus,Cactaceae,Echinocereus engelmannii,1,14,Hedgehog cactus,6,,
31,"MJV9-16-BIO-VT-3,2-A7",3,205,35.235421,-115.802287,,,Sheila/Kevin,Sheila,"MJV9-16-BIO-VT-3,2-A7",Sand,,,Poaceae,FIne grass clumps,7,14,"yellow, brown",6,,
32,"MJV9-16-BIO-VT-3,2-A7",3,205,35.235421,-115.802287,,,Sheila/Kevin,Sheila,"MJV9-16-BIO-VT-3,2-A7",Sand,,,,Unknown dead annual,1,14,Unknown annual (pic),6,,
33,"MJV9-16-BIO-VT-3,2-A7",3,205,35.235421,-115.802287,,,Sheila/Kevin,Sheila,"MJV9-16-BIO-VT-3,2-A7",Sand,,,,Unknown dead annual #2,1,14,Unknown annual (pic),6,,
34,"MJV9-16-BIO-VT-3,2-A7",3,205,35.235421,-115.802287,,,Sheila/Kevin,Sheila,"MJV9-16-BIO-VT-3,2-A7",Sand,,,Poaceae,Wheat top grass clumps,3,14,"yellow, brown",6,,
35,"MJV9-16-BIO-VT-3,2-A7",3,205,35.235421,-115.802287,,,Sheila/Kevin,Sheila,"MJV9-16-BIO-VT-3,2-A7",Sand,,Mojave yucca,Agavaceae,Yucca schidigera,1,14,Mojave yucca,6,,
36,"MJV9-16-BIO-VT-3,2-A8",3,206,35.235427,-115.802328,,,Sheila/Kevin,Sheila,"MJV9-16-BIO-VT-3,2-A8",Basalt Pebbles,,California cholla,Cactaceae,Cylindropuntia californica,1,TMTC,California cholla,6,,
37,"MJV9-16-BIO-VT-3,2-A8",3,206,35.235427,-115.802328,,,Sheila/Kevin,Sheila,"MJV9-16-BIO-VT-3,2-A8",Basalt Pebbles,,Hedgehog cactus,Cactaceae,Echinocereus engelmannii,1,TMTC,Hedgehod cactus,6,,
38,"MJV9-16-BIO-VT-3,2-A8",3,206,35.235427,-115.802328,,,Sheila/Kevin,Sheila,"MJV9-16-BIO-VT-3,2-A8",Basalt Pebbles,,Mormon tea,Ephedraceae,Ephedra viridis,1,TMTC,Morman tea,6,,
39,"MJV9-16-BIO-VT-3,2-A8",3,206,35.235427,-115.802328,,,Sheila/Kevin,Sheila,"MJV9-16-BIO-VT-3,2-A8",Basalt Pebbles,,,Poaceae,Wheat top grass clumps,TMTC,TMTC,"yellow, brown",6,,
40,"MJV9-16-BIO-VT-3,2-A8",3,206,35.235427,-115.802328,,,Sheila/Kevin,Sheila,"MJV9-16-BIO-VT-3,2-A8",Basalt Pebbles,,,,White lichen,1,N/A,"White lichen, pic",6,,
41,"MJV9-16-BIO-VT-3,2-A9",3,207,35.235432,-115.802343,,,Sheila/Kevin,Sheila,"MJV9-16-BIO-VT-3,2-A9",Basalt,,White bursage,Asteraceae ,Ambrosia dumosa,1,10,White bursage,6,,
42,"MJV9-16-BIO-VT-3,2-A9",3,207,35.235432,-115.802343,,,Sheila/Kevin,Sheila,"MJV9-16-BIO-VT-3,2-A9",Basalt,,,Poaceae,FIne grass clumps,6,10,"yellow, brown",6,,
43,"MJV9-16-BIO-VT-3,2-A9",3,207,35.235432,-115.802343,,,Sheila/Kevin,Sheila,"MJV9-16-BIO-VT-3,2-A9",Basalt,,,Poaceae,Spiky stalk grass,1,10,"yellow, brown",6,,
44,"MJV9-16-BIO-VT-3,2-A9",3,207,35.235432,-115.802343,,,Sheila/Kevin,Sheila,"MJV9-16-BIO-VT-3,2-A9",Basalt,,,Poaceae,Wheat top grass clumps,2,10,"yellow, brown",6,,
45,"MJV9-16-BIO-VT-3,2-A10",3,208,35.235453,-115.802403,,,Sheila/Kevin,Sheila,"MJV9-16-BIO-VT-3,2-A10",Live Plant,,Buckhorn cholla,Cactaceae,Cylindropuntia acanthocarpa,1,TMTC,Buckhorn cholla,6,,
46,"MJV9-16-BIO-VT-3,2-A10",3,208,35.235453,-115.802403,,,Sheila/Kevin,Sheila,"MJV9-16-BIO-VT-3,2-A10",Live Plant,,Hedgehog cactus,Cactaceae,Echinocereus engelmannii,1,TMTC,Hedgehog cactus,6,,
47,"MJV9-16-BIO-VT-3,2-A10",3,208,35.235453,-115.802403,,,Sheila/Kevin,Sheila,"MJV9-16-BIO-VT-3,2-A10",Live Plant,,,Poaceae,FIne grass clumps,6,TMTC,"yellow, brown",6,,
48,"MJV9-16-BIO-VT-3,2-A10",3,208,35.235453,-115.802403,,,Sheila/Kevin,Sheila,"MJV9-16-BIO-VT-3,2-A10",Live Plant,,Creosote bush,Zygophyllaceae,Larrea tridentada,1,TMTC,Creosote bush,6,,
49,"MJV9-16-BIO-VT-3,2-A10",3,208,35.235453,-115.802403,,,Sheila/Kevin,Sheila,"MJV9-16-BIO-VT-3,2-A10",Live Plant,,,Poaceae,Wheat top grass clumps,TMTC,TMTC,"yellow, brown",6,,
50,"MJV9-16-BIO-VT-3,2-C1",3,209,35.23556,-115.80191,,,Sheila/Kevin,Sheila,"MJV9-16-BIO-VT-3,2-C1",Basalt Rock,,Mormon tea,Ephedraceae,Ephedra viridis,1,10,Morman tea,6,,
51,"MJV9-16-BIO-VT-3,2-C1",3,209,35.23556,-115.80191,,,Sheila/Kevin,Sheila,"MJV9-16-BIO-VT-3,2-C1",Basalt Rock,,Barrel cactus,Cactaceae,Ferocactus cylindraceus,1,10,Barrel cactus,6,,
52,"MJV9-16-BIO-VT-3,2-C1",3,209,35.23556,-115.80191,,,Sheila/Kevin,Sheila,"MJV9-16-BIO-VT-3,2-C1",Basalt Rock,,,Poaceae,FIne grass clumps,3,10,"yellow, brown",6,,
53,"MJV9-16-BIO-VT-3,2-C1",3,209,35.23556,-115.80191,,,Sheila/Kevin,Sheila,"MJV9-16-BIO-VT-3,2-C1",Basalt Rock,,,,Soil Crusts,N/A,N/A,pic,6,,
54,"MJV9-16-BIO-VT-3,2-C1",3,209,35.23556,-115.80191,,,Sheila/Kevin,Sheila,"MJV9-16-BIO-VT-3,2-C1",Basalt Rock,,,Poaceae,Spiky stalk grass,1,10,pic,6,,
55,"MJV9-16-BIO-VT-3,2-C1",3,209,35.23556,-115.80191,,,Sheila/Kevin,Sheila,"MJV9-16-BIO-VT-3,2-C1",Basalt Rock,,,Poaceae,Wheat top grass clumps,4,10,"yellow, brown",6,,
56,"MJV9-16-BIO-VT-3,2-C2",3,210,35.235543,-115.801871,,,Sheila/Kevin,Sheila,"MJV9-16-BIO-VT-3,2-C2",Sand,,Hedgehog cactus,Cactaceae,Echinocereus engelmannii,1,35,Hedgehog cactus,6,,
57,"MJV9-16-BIO-VT-3,2-C2",3,210,35.235543,-115.801871,,,Sheila/Kevin,Sheila,"MJV9-16-BIO-VT-3,2-C2",Sand,,,Poaceae,FIne grass clumps,10,35,"yellow, brown",6,,
58,"MJV9-16-BIO-VT-3,2-C2",3,210,35.235543,-115.801871,,,Sheila/Kevin,Sheila,"MJV9-16-BIO-VT-3,2-C2",Sand,,,Poaceae,Maroon/green fine grass,10,35,Possible Red Brome,6,,
59,"MJV9-16-BIO-VT-3,2-C2",3,210,35.235543,-115.801871,,,Sheila/Kevin,Sheila,"MJV9-16-BIO-VT-3,2-C2",Sand,,,Poaceae,Wheat top grass clumps,10,35,"yellow, brown",6,,
60,"MJV9-16-BIO-VT-3,2-C2",3,210,35.235543,-115.801871,,,Sheila/Kevin,Sheila,"MJV9-16-BIO-VT-3,2-C2",Sand,,,Poaceae,Woolly grass clumps,1,35,"fuzzy stems, not Low woollygrass",6,,
61,"MJV9-16-BIO-VT-3,2-C2",3,210,35.235543,-115.801871,,,Sheila/Kevin,Sheila,"MJV9-16-BIO-VT-3,2-C2",Sand,,Mojave yucca,Agavaceae,Yucca schidigera,3,35,Mojave yucca,6,,
62,"MJV9-16-BIO-VT-3,2-C3",3,211,35.235591,-115.801859,,,Sheila/Kevin,Sheila,"MJV9-16-BIO-VT-3,2-C3",Basalt Rock,,Cottontop cactus,Cactaceae,Echinocactus polycephalus,1,12,Cotton top cactus,6,,
63,"MJV9-16-BIO-VT-3,2-C3",3,211,35.235591,-115.801859,,,Sheila/Kevin,Sheila,"MJV9-16-BIO-VT-3,2-C3",Basalt Rock,,Mormon tea,Ephedraceae,Ephedra viridis,1,12,Morman tea,6,,
64,"MJV9-16-BIO-VT-3,2-C3",3,211,35.235591,-115.801859,,,Sheila/Kevin,Sheila,"MJV9-16-BIO-VT-3,2-C3",Basalt Rock,,Barrel cactus,Cactaceae,Ferocactus cylindraceus,2,12,Barrel cactus,6,,
65,"MJV9-16-BIO-VT-3,2-C3",3,211,35.235591,-115.801859,,,Sheila/Kevin,Sheila,"MJV9-16-BIO-VT-3,2-C3",Basalt Rock,,,Poaceae,FIne grass clumps,4,12,"yellow, brown",6,,
66,"MJV9-16-BIO-VT-3,2-C3",3,211,35.235591,-115.801859,,,Sheila/Kevin,Sheila,"MJV9-16-BIO-VT-3,2-C3",Basalt Rock,,Anderson thornbush,Solanaceae,Lycium andersonii,1,12,Anderson thorn bush,6,,
67,"MJV9-16-BIO-VT-3,2-C3",3,211,35.235591,-115.801859,,,Sheila/Kevin,Sheila,"MJV9-16-BIO-VT-3,2-C3",Basalt Rock,,,,Soil Crusts,N/A,N/A,pic,6,,
68,"MJV9-16-BIO-VT-3,2-C3",3,211,35.235591,-115.801859,,,Sheila/Kevin,Sheila,"MJV9-16-BIO-VT-3,2-C3",Basalt Rock,,,Poaceae,Wheat top grass clumps,3,12,"yellow, brown",6,,
69,"MJV9-16-BIO-VT-3,2-C4",3,212,35.23559,-115.801802,,,Sheila/Kevin,Sheila,"MJV9-16-BIO-VT-3,2-C4",Basalt Rock,,,Poaceae,FIne grass clumps,2,TMTC,"yellow, brown",6,,
70,"MJV9-16-BIO-VT-3,2-C4",3,212,35.23559,-115.801802,,,Sheila/Kevin,Sheila,"MJV9-16-BIO-VT-3,2-C4",Basalt Rock,,Beavertail cactus,Cactaceae,Opuntia basilaris,1,TMTC,Beavertail Cactus,6,,
71,"MJV9-16-BIO-VT-3,2-C4",3,212,35.23559,-115.801802,,,Sheila/Kevin,Sheila,"MJV9-16-BIO-VT-3,2-C4",Basalt Rock,,,Poaceae,Wheat top grass clumps,TMTC,TMTC,"yellow, brown",6,,
72,"MJV9-16-BIO-VT-3,2-C4",3,212,35.23559,-115.801802,,,Sheila/Kevin,Sheila,"MJV9-16-BIO-VT-3,2-C4",Basalt Rock,,Mojave yucca,Agavaceae,Yucca schidigera,1,TMTC,Mojave yucca,6,,
73,"MJV9-16-BIO-VT-3,2-C5",3,213,35.235589,-115.801687,,,Sheila/Kevin,Sheila,"MJV9-16-BIO-VT-3,2-C5",Sand,,White bursage,Asteraceae ,Ambrosia dumosa,1,16,White bursage,6,,
74,"MJV9-16-BIO-VT-3,2-C5",3,213,35.235589,-115.801687,,,Sheila/Kevin,Sheila,"MJV9-16-BIO-VT-3,2-C5",Sand,,Mormon tea,Ephedraceae,Ephedra viridis,1,16,Morman Tea,6,,
75,"MJV9-16-BIO-VT-3,2-C5",3,213,35.235589,-115.801687,,,Sheila/Kevin,Sheila,"MJV9-16-BIO-VT-3,2-C5",Sand,,,Poaceae,FIne grass clumps,4,16,"yellow, brown",6,,
76,"MJV9-16-BIO-VT-3,2-C5",3,213,35.235589,-115.801687,,,Sheila/Kevin,Sheila,"MJV9-16-BIO-VT-3,2-C5",Sand,,,,Large soil crusts,N/A,N/A,pic,6,,
77,"MJV9-16-BIO-VT-3,2-C5",3,213,35.235589,-115.801687,,,Sheila/Kevin,Sheila,"MJV9-16-BIO-VT-3,2-C5",Sand,,,Poaceae,Maroon/green fine grass,5,16,Possible Red Brome,6,,
78,"MJV9-16-BIO-VT-3,2-C5",3,213,35.235589,-115.801687,,,Sheila/Kevin,Sheila,"MJV9-16-BIO-VT-3,2-C5",Sand,,,Poaceae,Wheat top grass clumps,5,16,"yellow, brown",6,,
79,"MJV9-16-BIO-VT-3,2-C6",3,214,35.235601,-115.801618,,,Sheila/Kevin,Sheila,"MJV9-16-BIO-VT-3,2-C6",Basalt,,,Poaceae,Maroon/green fine grass,12,16,Possible Red Brome,6,,
80,"MJV9-16-BIO-VT-3,2-C6",3,214,35.235601,-115.801618,,,Sheila/Kevin,Sheila,"MJV9-16-BIO-VT-3,2-C6",Basalt,,,,Unknown annual seedling,1,16,pic - just emerged from ground,6,,
81,"MJV9-16-BIO-VT-3,2-C6",3,214,35.235601,-115.801618,,,Sheila/Kevin,Sheila,"MJV9-16-BIO-VT-3,2-C6",Basalt,,,Poaceae,Wheat top grass clumps,3,16,"yellow, brown",6,,
82,"MJV9-16-BIO-VT-3,2-C7",3,215,35.235588,-115.801555,,,Sheila/Kevin,Sheila,"MJV9-16-BIO-VT-3,2-C7",Live Plant,,Spiny herb,Polygonaceae,Chorizanthe rigida,2,TMTC,Spiny herb,6,,
83,"MJV9-16-BIO-VT-3,2-C7",3,215,35.235588,-115.801555,,,Sheila/Kevin,Sheila,"MJV9-16-BIO-VT-3,2-C7",Live Plant,,Pencil cholla,Cactaceae,Cylindropuntia ramosissima,1,TMTC,Pencil cholla,6,,
84,"MJV9-16-BIO-VT-3,2-C7",3,215,35.235588,-115.801555,,,Sheila/Kevin,Sheila,"MJV9-16-BIO-VT-3,2-C7",Live Plant,,,Poaceae,FIne grass clumps,5,TMTC,"yellow, brown",6,,
85,"MJV9-16-BIO-VT-3,2-C7",3,215,35.235588,-115.801555,,,Sheila/Kevin,Sheila,"MJV9-16-BIO-VT-3,2-C7",Live Plant,,,Poaceae,Wheat top grass clumps,TMTC,TMTC,"yellow, brown",6,,
86,"MJV9-16-BIO-VT-3,2-C8",3,216,35.235596,-115.8015,,,Sheila/Kevin,Sheila,"MJV9-16-BIO-VT-3,2-C8",Granite Pebbles,,Pencil cholla,Cactaceae,Cylindropuntia ramosissima,1,TMTC,Pencil cholla,6,,
87,"MJV9-16-BIO-VT-3,2-C8",3,216,35.235596,-115.8015,,,Sheila/Kevin,Sheila,"MJV9-16-BIO-VT-3,2-C8",Granite Pebbles,,Barrel cactus,Cactaceae,Ferocactus cylindraceus,2,TMTC,"Barrel cactus, small",6,,
88,"MJV9-16-BIO-VT-3,2-C8",3,216,35.235596,-115.8015,,,Sheila/Kevin,Sheila,"MJV9-16-BIO-VT-3,2-C8",Granite Pebbles,,,Poaceae,FIne grass clumps,1,TMTC,"yellow, brown",6,,
89,"MJV9-16-BIO-VT-3,2-C8",3,216,35.235596,-115.8015,,,Sheila/Kevin,Sheila,"MJV9-16-BIO-VT-3,2-C8",Granite Pebbles,,,Poaceae,Maroon/green fine grass,12,TMTC,Possible Red Brome,6,,
90,"MJV9-16-BIO-VT-3,2-C8",3,216,35.235596,-115.8015,,,Sheila/Kevin,Sheila,"MJV9-16-BIO-VT-3,2-C8",Granite Pebbles,,,Poaceae,Spiky stalk grass,2,TMTC,"yellow, brown",6,,
91,"MJV9-16-BIO-VT-3,2-C8",3,216,35.235596,-115.8015,,,Sheila/Kevin,Sheila,"MJV9-16-BIO-VT-3,2-C8",Granite Pebbles,,,Poaceae,Wheat top grass clumps,TMTC,TMTC,"yellow, brown",6,,
92,"MJV9-16-BIO-VT-3,2-C9",3,217,35.235597,-115.801347,,,Sheila/Kevin,Sheila,"MJV9-16-BIO-VT-3,2-C9",Basalt,,,Poaceae,FIne grass clumps,8,24,"yellow, brown",6,,
93,"MJV9-16-BIO-VT-3,2-C9",3,217,35.235597,-115.801347,,,Sheila/Kevin,Sheila,"MJV9-16-BIO-VT-3,2-C9",Basalt,,Creosote bush,Zygophyllaceae,Larrea tridentada,2,24,Creosote bush,6,,
94,"MJV9-16-BIO-VT-3,2-C9",3,217,35.235597,-115.801347,,,Sheila/Kevin,Sheila,"MJV9-16-BIO-VT-3,2-C9",Basalt,,,Poaceae,Spiky stalk grass,2,24,pic,6,,
95,"MJV9-16-BIO-VT-3,2-C9",3,217,35.235597,-115.801347,,,Sheila/Kevin,Sheila,"MJV9-16-BIO-VT-3,2-C9",Basalt,,,Poaceae,Wheat top grass clumps,12,24,"yellow, brown",6,,
96,"MJV9-16-BIO-VT-3,2-C10",3,218,35.235608,-115.801381,,,Sheila/Kevin,Sheila,"MJV9-16-BIO-VT-3,2-C10",Basalt Rock,,Spiny herb,Polygonaceae,Chorizanthe rigida,2,30,Spiny herb,6,,
97,"MJV9-16-BIO-VT-3,2-C10",3,218,35.235608,-115.801381,,,Sheila/Kevin,Sheila,"MJV9-16-BIO-VT-3,2-C10",Basalt Rock,,,Poaceae,FIne grass clumps,3,30,"yellow, brown",6,,
98,"MJV9-16-BIO-VT-3,2-C10",3,218,35.235608,-115.801381,,,Sheila/Kevin,Sheila,"MJV9-16-BIO-VT-3,2-C10",Basalt Rock,,,Poaceae,Maroon/green fine grass,12,30,Possible Red Brome,6,,
99,"MJV9-16-BIO-VT-3,2-C10",3,218,35.235608,-115.801381,,,Sheila/Kevin,Sheila,"MJV9-16-BIO-VT-3,2-C10",Basalt Rock,,,Poaceae,Spiky stalk grass,1,30,"yellow, brown",6,,
100,"MJV9-16-BIO-VT-3,2-C10",3,218,35.235608,-115.801381,,,Sheila/Kevin,Sheila,"MJV9-16-BIO-VT-3,2-C10",Basalt Rock,,,Poaceae,Wheat top grass clumps,12,30,"yellow, brown",6,,
101,"MJV9-16-BIO-VT-3,2-E1",3,219,35.235779,-115.801966,,,Sheila/Kevin,Sheila,"MJV9-16-BIO-VT-3,2-E1",Live Plant,,California cholla,Cactaceae,Cylindropuntia californica,1,TMTC,California cholla,6,,
102,"MJV9-16-BIO-VT-3,2-E1",3,219,35.235779,-115.801966,,,Sheila/Kevin,Sheila,"MJV9-16-BIO-VT-3,2-E1",Live Plant,,Mormon tea,Ephedraceae,Ephedra viridis,1,TMTC,Morman tea,6,,
103,"MJV9-16-BIO-VT-3,2-E1",3,219,35.235779,-115.801966,,,Sheila/Kevin,Sheila,"MJV9-16-BIO-VT-3,2-E1",Live Plant,,Anderson thornbush,Solanaceae,Lycium andersonii,2,TMTC,Anderson thorn bush,6,,
104,"MJV9-16-BIO-VT-3,2-E1",3,219,35.235779,-115.801966,,,Sheila/Kevin,Sheila,"MJV9-16-BIO-VT-3,2-E1",Live Plant,,,Poaceae,Maroon/green fine grass,TMTC,TMTC,Possible Red Brome,6,,
105,"MJV9-16-BIO-VT-3,2-E1",3,219,35.235779,-115.801966,,,Sheila/Kevin,Sheila,"MJV9-16-BIO-VT-3,2-E1",Live Plant,,,Poaceae,Wheat top grass clumps,TMTC,TMTC,"yellow, brown",6,,
106,"MJV9-16-BIO-VT-3,2-E2",3,220,35.235774,-115.802022,,,Sheila/Kevin,Sheila,"MJV9-16-BIO-VT-3,2-E2",Sand,,Buckhorn cholla,Cactaceae,Cylindropuntia acanthocarpa,1,TMTC,Buckhorn cholla,6,,
107,"MJV9-16-BIO-VT-3,2-E2",3,220,35.235774,-115.802022,,,Sheila/Kevin,Sheila,"MJV9-16-BIO-VT-3,2-E2",Sand,,Hedgehog cactus,Cactaceae,Echinocereus engelmannii,1,TMTC,Hedgehog cactus,6,,
108,"MJV9-16-BIO-VT-3,2-E2",3,220,35.235774,-115.802022,,,Sheila/Kevin,Sheila,"MJV9-16-BIO-VT-3,2-E2",Sand,,,Poaceae,Spiky stalk grass,2,TMTC,"yellow, brown",6,,
109,"MJV9-16-BIO-VT-3,2-E2",3,220,35.235774,-115.802022,,,Sheila/Kevin,Sheila,"MJV9-16-BIO-VT-3,2-E2",Sand,,,Poaceae,Wheat top grass clumps,TMTC,TMTC,"yellow, brown",6,,
110,"MJV9-16-BIO-VT-3,2-E3",3,221,35.235775,-115.802067,,,Sheila/Kevin,Sheila,"MJV9-16-BIO-VT-3,2-E3",Live Plant,,Buckhorn cholla,Cactaceae,Cylindropuntia acanthocarpa,1,9,Buckhorn cholla,6,,
111,"MJV9-16-BIO-VT-3,2-E3",3,221,35.235775,-115.802067,,,Sheila/Kevin,Sheila,"MJV9-16-BIO-VT-3,2-E3",Live Plant,,Hedgehog cactus,Cactaceae,Echinocereus engelmannii,1,9,Hedgehog cactus,6,,
112,"MJV9-16-BIO-VT-3,2-E3",3,221,35.235775,-115.802067,,,Sheila/Kevin,Sheila,"MJV9-16-BIO-VT-3,2-E3",Live Plant,,Mormon tea,Ephedraceae,Ephedra viridis,1,9,Morman tea,6,,
113,"MJV9-16-BIO-VT-3,2-E3",3,221,35.235775,-115.802067,,,Sheila/Kevin,Sheila,"MJV9-16-BIO-VT-3,2-E3",Live Plant,,,Poaceae,Wheat top grass clumps,5,9,"yellow, brown",6,,
114,"MJV9-16-BIO-VT-3,2-E3",3,221,35.235775,-115.802067,,,Sheila/Kevin,Sheila,"MJV9-16-BIO-VT-3,2-E3",Live Plant,,Mojave yucca,Agavaceae,Yucca schidigera,1,9,Mojave yucca,6,,
115,"MJV9-16-BIO-VT-3,2-E4",3,222,35.235777,-115.802137,,,Sheila/Kevin,Sheila,"MJV9-16-BIO-VT-3,2-E4",Live Plant,,Pencil cholla,Cactaceae,Cylindropuntia ramosissima,1,20,Pencil cholla,6,,
116,"MJV9-16-BIO-VT-3,2-E4",3,222,35.235777,-115.802137,,,Sheila/Kevin,Sheila,"MJV9-16-BIO-VT-3,2-E4",Live Plant,,,Poaceae,FIne grass clumps,10,20,"yellow, brown",6,,
117,"MJV9-16-BIO-VT-3,2-E4",3,222,35.235777,-115.802137,,,Sheila/Kevin,Sheila,"MJV9-16-BIO-VT-3,2-E4",Live Plant,,Creosote bush,Zygophyllaceae,Larrea tridentada,1,20,Creosote bush,6,,
118,"MJV9-16-BIO-VT-3,2-E4",3,222,35.235777,-115.802137,,,Sheila/Kevin,Sheila,"MJV9-16-BIO-VT-3,2-E4",Live Plant,,,Poaceae,Wheat top grass clumps,8,20,"yellow, brown",6,,
119,"MJV9-16-BIO-VT-3,2-E5",3,223,35.235801,-115.80218,,,Sheila/Kevin,Sheila,"MJV9-16-BIO-VT-3,2-E5",Live Plant,,Hedgehog cactus,Cactaceae,Echinocereus engelmannii,1,TMTC,Hedgehog cactus,6,,
120,"MJV9-16-BIO-VT-3,2-E5",3,223,35.235801,-115.80218,,,Sheila/Kevin,Sheila,"MJV9-16-BIO-VT-3,2-E5",Live Plant,,Brittlebush,Asteraceae ,Encelia farinosa,1,TMTC,Brittlebush,6,,
121,"MJV9-16-BIO-VT-3,2-E5",3,223,35.235801,-115.80218,,,Sheila/Kevin,Sheila,"MJV9-16-BIO-VT-3,2-E5",Live Plant,,Mormon tea,Ephedraceae,Ephedra viridis,1,TMTC,Morman tea,6,,
122,"MJV9-16-BIO-VT-3,2-E5",3,223,35.235801,-115.80218,,,Sheila/Kevin,Sheila,"MJV9-16-BIO-VT-3,2-E5",Live Plant,,,Poaceae,Wheat top grass clumps,TMTC,TMTC,"yellow, brown",6,,
123,"MJV9-16-BIO-VT-3,2-E6",3,224,35.235763,-115.802264,,,Sheila/Kevin,Sheila,"MJV9-16-BIO-VT-3,2-E6",Basalt Pebbles,,,Poaceae,FIne grass clumps,5,TMTC,"yellow, brown",6,,
124,"MJV9-16-BIO-VT-3,2-E6",3,224,35.235763,-115.802264,,,Sheila/Kevin,Sheila,"MJV9-16-BIO-VT-3,2-E6",Basalt Pebbles,,Creosote bush,Zygophyllaceae,Larrea tridentada,1,TMTC,Creosote bush,6,,
125,"MJV9-16-BIO-VT-3,2-E6",3,224,35.235763,-115.802264,,,Sheila/Kevin,Sheila,"MJV9-16-BIO-VT-3,2-E6",Basalt Pebbles,,,Poaceae,Wheat top grass clumps,TMTC,TMTC,"yellow, brown",6,,
126,"MJV9-16-BIO-VT-3,2-E6",3,224,35.235763,-115.802264,,,Sheila/Kevin,Sheila,"MJV9-16-BIO-VT-3,2-E6",Basalt Pebbles,,Mojave yucca,Agavaceae,Yucca schidigera,2,TMTC,Mojave yucca,6,,
127,"MJV9-16-BIO-VT-3,2-E7",3,225,35.235767,-115.802327,,,Sheila/Kevin,Sheila,"MJV9-16-BIO-VT-3,2-E7",Sand,,White bursage,Asteraceae ,Ambrosia dumosa,2,16,White bursage,6,,
128,"MJV9-16-BIO-VT-3,2-E7",3,225,35.235767,-115.802327,,,Sheila/Kevin,Sheila,"MJV9-16-BIO-VT-3,2-E7",Sand,,,Poaceae,FIne grass clumps,4,16,"yellow, brown",6,,
129,"MJV9-16-BIO-VT-3,2-E7",3,225,35.235767,-115.802327,,,Sheila/Kevin,Sheila,"MJV9-16-BIO-VT-3,2-E7",Sand,,,Poaceae,Maroon/green fine grass,4,16,Possible Red Brome,6,,
130,"MJV9-16-BIO-VT-3,2-E7",3,225,35.235767,-115.802327,,,Sheila/Kevin,Sheila,"MJV9-16-BIO-VT-3,2-E7",Sand,,,Poaceae,Spiky stalk grass,1,16,"yellow, brown",6,,
131,"MJV9-16-BIO-VT-3,2-E7",3,225,35.235767,-115.802327,,,Sheila/Kevin,Sheila,"MJV9-16-BIO-VT-3,2-E7",Sand,,,Poaceae,Wheat top grass clumps,5,16,"yellow, brown",6,,
132,"MJV9-16-BIO-VT-3,2-E8",3,226,35.235776,-115.802389,,,Sheila/Kevin,Sheila,"MJV9-16-BIO-VT-3,2-E8",Basalt Pebbles,,White bursage,Asteraceae ,Ambrosia dumosa,1,TMTC,White bursage,6,,
133,"MJV9-16-BIO-VT-3,2-E8",3,226,35.235776,-115.802389,,,Sheila/Kevin,Sheila,"MJV9-16-BIO-VT-3,2-E8",Basalt Pebbles,,Spiny herb,Polygonaceae,Chorizanthe rigida,2,TMTC,Spiny herb,6,,
134,"MJV9-16-BIO-VT-3,2-E8",3,226,35.235776,-115.802389,,,Sheila/Kevin,Sheila,"MJV9-16-BIO-VT-3,2-E8",Basalt Pebbles,,Mormon tea,Ephedraceae,Ephedra viridis,1,TMTC,Morman tea,6,,
135,"MJV9-16-BIO-VT-3,2-E8",3,226,35.235776,-115.802389,,,Sheila/Kevin,Sheila,"MJV9-16-BIO-VT-3,2-E8",Basalt Pebbles,,,Poaceae,Spiky stalk grass,2,TMTC,"yellow, brown",6,,
136,"MJV9-16-BIO-VT-3,2-E8",3,226,35.235776,-115.802389,,,Sheila/Kevin,Sheila,"MJV9-16-BIO-VT-3,2-E8",Basalt Pebbles,,,Poaceae,Wheat top grass clumps,TMTC,TMTC,"yellow, brown",6,,
137,"MJV9-16-BIO-VT-3,2-E9",3,227,35.235764,-115.802322,,,Sheila/Kevin,Sheila,"MJV9-16-BIO-VT-3,2-E9",Live Plant,,White bursage,Asteraceae ,Ambrosia dumosa,2,TMTC,White bursage,6,,
138,"MJV9-16-BIO-VT-3,2-E9",3,227,35.235764,-115.802322,,,Sheila/Kevin,Sheila,"MJV9-16-BIO-VT-3,2-E9",Live Plant,,,Poaceae,FIne grass clumps,5,TMTC,"yellow, brown",6,,
139,"MJV9-16-BIO-VT-3,2-E9",3,227,35.235764,-115.802322,,,Sheila/Kevin,Sheila,"MJV9-16-BIO-VT-3,2-E9",Live Plant,,,Poaceae,Maroon/green fine grass,TMTC,TMTC,Possible Red Brome,6,,
140,"MJV9-16-BIO-VT-3,2-E9",3,227,35.235764,-115.802322,,,Sheila/Kevin,Sheila,"MJV9-16-BIO-VT-3,2-E9",Live Plant,,,,Unknown shrub,1,TMTC,"Shrub, see pic",6,,
141,"MJV9-16-BIO-VT-3,2-E9",3,227,35.235764,-115.802322,,,Sheila/Kevin,Sheila,"MJV9-16-BIO-VT-3,2-E9",Live Plant,,,Poaceae,Wheat top grass clumps,TMTC,TMTC,"yellow, brown",6,,
142,"MJV9-16-BIO-VT-3,2-E10",3,228,35.235776,-115.802239,,,Sheila/Kevin,Sheila,"MJV9-16-BIO-VT-3,2-E10",Live Plant,,Pencil cholla,Cactaceae,Cylindropuntia ramosissima,1,22,Pencil cholla,6,,
143,"MJV9-16-BIO-VT-3,2-E10",3,228,35.235776,-115.802239,,,Sheila/Kevin,Sheila,"MJV9-16-BIO-VT-3,2-E10",Live Plant,,Hedgehog cactus,Cactaceae,Echinocereus engelmannii,1,22,Hedgehog cactus,6,,
144,"MJV9-16-BIO-VT-3,2-E10",3,228,35.235776,-115.802239,,,Sheila/Kevin,Sheila,"MJV9-16-BIO-VT-3,2-E10",Live Plant,,Barrel cactus,Cactaceae,Ferocactus cylindraceus,1,22,Barrel cactus,6,,
145,"MJV9-16-BIO-VT-3,2-E10",3,228,35.235776,-115.802239,,,Sheila/Kevin,Sheila,"MJV9-16-BIO-VT-3,2-E10",Live Plant,,,Poaceae,FIne grass clumps,6,22,"yellow, brown",6,,
146,"MJV9-16-BIO-VT-3,2-E10",3,228,35.235776,-115.802239,,,Sheila/Kevin,Sheila,"MJV9-16-BIO-VT-3,2-E10",Live Plant,,,Poaceae,Wheat top grass clumps,12,22,"yellow, brown",6,,
147,"MJV9-16-BIO-VT-3,2-E10",3,228,35.235776,-115.802239,,,Sheila/Kevin,Sheila,"MJV9-16-BIO-VT-3,2-E10",Live Plant,,Mojave yucca,Agavaceae,Yucca schidigera,1,22,Mojave yucca,6,,
148,"MJV9-16-BIO-VT-3,2-G1",3,229,35.236015,-115.80189,,,Sheila/Kevin,Sheila,"MJV9-16-BIO-VT-3,2-G1",Live Plant,,Mormon tea,Ephedraceae,Ephedra viridis,1,17,Morman tea,6,,
149,"MJV9-16-BIO-VT-3,2-G1",3,229,35.236015,-115.80189,,,Sheila/Kevin,Sheila,"MJV9-16-BIO-VT-3,2-G1",Live Plant,,Barrel cactus,Cactaceae,Ferocactus cylindraceus,1,17,Barrel cactus,6,,
150,"MJV9-16-BIO-VT-3,2-G1",3,229,35.236015,-115.80189,,,Sheila/Kevin,Sheila,"MJV9-16-BIO-VT-3,2-G1",Live Plant,,,Poaceae,FIne grass clumps,3,17,"yellow, brown",6,,
151,"MJV9-16-BIO-VT-3,2-G1",3,229,35.236015,-115.80189,,,Sheila/Kevin,Sheila,"MJV9-16-BIO-VT-3,2-G1",Live Plant,,,Poaceae,Wheat top grass clumps,12,17,"yellow, brown",6,,
152,"MJV9-16-BIO-VT-3,2-G2",3,230,35.236039,-115.80184,,,Sheila/Kevin,Sheila,"MJV9-16-BIO-VT-3,2-G2",Basalt,,Spiny herb,Polygonaceae,Chorizanthe rigida,1,5,Spiny herb,6,,
153,"MJV9-16-BIO-VT-3,2-G2",3,230,35.236039,-115.80184,,,Sheila/Kevin,Sheila,"MJV9-16-BIO-VT-3,2-G2",Basalt,,Spiny herb,Polygonaceae,Chorizanthe rigida,3,5,Dead spiny herb,6,,
154,"MJV9-16-BIO-VT-3,2-G2",3,230,35.236039,-115.80184,,,Sheila/Kevin,Sheila,"MJV9-16-BIO-VT-3,2-G2",Basalt,,,,Unknown dead annual,1,5,pic,6,,
155,"MJV9-16-BIO-VT-3,2-G3",3,231,35.236052,-115.801773,,,Sheila/Kevin,Sheila,"MJV9-16-BIO-VT-3,2-G3",Basalt,,Spiny herb,Polygonaceae,Chorizanthe rigida,2,17,Spiny herb,6,,
156,"MJV9-16-BIO-VT-3,2-G3",3,231,35.236052,-115.801773,,,Sheila/Kevin,Sheila,"MJV9-16-BIO-VT-3,2-G3",Basalt,,Buckhorn cholla,Cactaceae,Cylindropuntia acanthocarpa,1,17,Buckhorn cholla,6,,
157,"MJV9-16-BIO-VT-3,2-G3",3,231,35.236052,-115.801773,,,Sheila/Kevin,Sheila,"MJV9-16-BIO-VT-3,2-G3",Basalt,,,Poaceae,FIne grass clumps,12,17,"yellow, brown",6,,
158,"MJV9-16-BIO-VT-3,2-G3",3,231,35.236052,-115.801773,,,Sheila/Kevin,Sheila,"MJV9-16-BIO-VT-3,2-G3",Basalt,,,,Unknown dead annual,1,17,pic,6,,
159,"MJV9-16-BIO-VT-3,2-G3",3,231,35.236052,-115.801773,,,Sheila/Kevin,Sheila,"MJV9-16-BIO-VT-3,2-G3",Basalt,,,Poaceae,Woolly grass clumps,1,17,dead wooly grass,6,,
160,"MJV9-16-BIO-VT-3,2-G4",3,232,35.236039,-115.801703,,,Sheila/Kevin,Sheila,"MJV9-16-BIO-VT-3,2-G4",Basalt,,Spiny herb,Polygonaceae,Chorizanthe rigida,2,6,Spiny herb,6,,
161,"MJV9-16-BIO-VT-3,2-G4",3,232,35.236039,-115.801703,,,Sheila/Kevin,Sheila,"MJV9-16-BIO-VT-3,2-G4",Basalt,,,Poaceae,FIne grass clumps,2,6,"yellow, brown",6,,
162,"MJV9-16-BIO-VT-3,2-G4",3,232,35.236039,-115.801703,,,Sheila/Kevin,Sheila,"MJV9-16-BIO-VT-3,2-G4",Basalt,,,Poaceae,Wheat top grass clumps,2,6,"yellow, brown",6,,
163,"MJV9-16-BIO-VT-3,2-G5",3,233,35.236034,-115.801695,,,Sheila/Kevin,Sheila,"MJV9-16-BIO-VT-3,2-G5",Basalt,,Spiny herb,Polygonaceae,Chorizanthe rigida,1,14,Spiny herb,6,,
164,"MJV9-16-BIO-VT-3,2-G5",3,233,35.236034,-115.801695,,,Sheila/Kevin,Sheila,"MJV9-16-BIO-VT-3,2-G5",Basalt,,,Poaceae,FIne grass clumps,10,14,"yellow, brown",6,,
165,"MJV9-16-BIO-VT-3,2-G5",3,233,35.236034,-115.801695,,,Sheila/Kevin,Sheila,"MJV9-16-BIO-VT-3,2-G5",Basalt,,Creosote bush,Zygophyllaceae,Larrea tridentada,1,14,Creosote bush,6,,
166,"MJV9-16-BIO-VT-3,2-G5",3,233,35.236034,-115.801695,,,Sheila/Kevin,Sheila,"MJV9-16-BIO-VT-3,2-G5",Basalt,,,Poaceae,Wheat top grass clumps,1,14,"yellow, brown",6,,
167,"MJV9-16-BIO-VT-3,2-G5",3,233,35.236034,-115.801695,,,Sheila/Kevin,Sheila,"MJV9-16-BIO-VT-3,2-G5",Basalt,,Mojave yucca,Agavaceae,Yucca schidigera,1,14,Mojave yucca,6,,
168,"MJV9-16-BIO-VT-3,2-G6",3,234,35.236036,-115.801601,,,Sheila/Kevin,Sheila,"MJV9-16-BIO-VT-3,2-G6",Basalt,,White bursage,Asteraceae ,Ambrosia dumosa,1,11,White bursage,6,,
169,"MJV9-16-BIO-VT-3,2-G6",3,234,35.236036,-115.801601,,,Sheila/Kevin,Sheila,"MJV9-16-BIO-VT-3,2-G6",Basalt,,Buckhorn cholla,Cactaceae,Cylindropuntia acanthocarpa,1,11,Buckhorn cholla,6,,
170,"MJV9-16-BIO-VT-3,2-G6",3,234,35.236036,-115.801601,,,Sheila/Kevin,Sheila,"MJV9-16-BIO-VT-3,2-G6",Basalt,,Hedgehog cactus,Cactaceae,Echinocereus engelmannii,1,11,Hedgehog cactus,6,,
171,"MJV9-16-BIO-VT-3,2-G6",3,234,35.236036,-115.801601,,,Sheila/Kevin,Sheila,"MJV9-16-BIO-VT-3,2-G6",Basalt,,,Poaceae,FIne grass clumps,2,11,"yellow, brown",6,,
172,"MJV9-16-BIO-VT-3,2-G6",3,234,35.236036,-115.801601,,,Sheila/Kevin,Sheila,"MJV9-16-BIO-VT-3,2-G6",Basalt,,Creosote bush,Zygophyllaceae,Larrea tridentada,1,11,Creosote bush,6,,
173,"MJV9-16-BIO-VT-3,2-G6",3,234,35.236036,-115.801601,,,Sheila/Kevin,Sheila,"MJV9-16-BIO-VT-3,2-G6",Basalt,,,Poaceae,Wheat top grass clumps,5,11,"yellow, brown",6,,
174,"MJV9-16-BIO-VT-3,2-G7",3,235,35.236048,-115.801528,,,Sheila/Kevin,Sheila,"MJV9-16-BIO-VT-3,2-G7",Basalt,,Mormon tea,Ephedraceae,Ephedra viridis,1,16,Morman tea,6,,
175,"MJV9-16-BIO-VT-3,2-G7",3,235,35.236048,-115.801528,,,Sheila/Kevin,Sheila,"MJV9-16-BIO-VT-3,2-G7",Basalt,,,Poaceae,FIne grass clumps,12,16,"yellow, brown",6,,
176,"MJV9-16-BIO-VT-3,2-G7",3,235,35.236048,-115.801528,,,Sheila/Kevin,Sheila,"MJV9-16-BIO-VT-3,2-G7",Basalt,,,Poaceae,Fluff grass clumps,1,16,pic,6,,
177,"MJV9-16-BIO-VT-3,2-G7",3,235,35.236048,-115.801528,,,Sheila/Kevin,Sheila,"MJV9-16-BIO-VT-3,2-G7",Basalt,,Creosote bush,Zygophyllaceae,Larrea tridentada,1,16,Creosote bush,6,,
178,"MJV9-16-BIO-VT-3,2-G7",3,235,35.236048,-115.801528,,,Sheila/Kevin,Sheila,"MJV9-16-BIO-VT-3,2-G7",Basalt,,,Poaceae,Woolly grass clumps,1,16,"yellow, brown",6,,
179,"MJV9-16-BIO-VT-3,2-G8",3,236,35.23605,-115.801499,,,Sheila/Kevin,Sheila,"MJV9-16-BIO-VT-3,2-G8",Live Plant,,White bursage,Asteraceae ,Ambrosia dumosa,3,TMTC,White bursage,6,,
180,"MJV9-16-BIO-VT-3,2-G8",3,236,35.23605,-115.801499,,,Sheila/Kevin,Sheila,"MJV9-16-BIO-VT-3,2-G8",Live Plant,,,Poaceae,FIne grass clumps,6,TMTC,"yellow, brown",6,,
181,"MJV9-16-BIO-VT-3,2-G8",3,236,35.23605,-115.801499,,,Sheila/Kevin,Sheila,"MJV9-16-BIO-VT-3,2-G8",Live Plant,,Creosote bush,Zygophyllaceae,Larrea tridentada,1,TMTC,Creosote bush,6,,
182,"MJV9-16-BIO-VT-3,2-G8",3,236,35.23605,-115.801499,,,Sheila/Kevin,Sheila,"MJV9-16-BIO-VT-3,2-G8",Live Plant,,,Poaceae,Wheat top grass clumps,TMTC,TMTC,"yellow, brown",6,,
183,"MJV9-16-BIO-VT-3,2-G9",3,237,35.236031,-115.801415,,,Sheila/Kevin,Sheila,"MJV9-16-BIO-VT-3,2-G9",Live Plant,,White bursage,Asteraceae ,Ambrosia dumosa,1,5,White bursage,6,,
184,"MJV9-16-BIO-VT-3,2-G9",3,237,35.236031,-115.801415,,,Sheila/Kevin,Sheila,"MJV9-16-BIO-VT-3,2-G9",Live Plant,,Barrel cactus,Cactaceae,Ferocactus cylindraceus,1,5,Barrel cactus,6,,
185,"MJV9-16-BIO-VT-3,2-G9",3,237,35.236031,-115.801415,,,Sheila/Kevin,Sheila,"MJV9-16-BIO-VT-3,2-G9",Live Plant,,,Poaceae,FIne grass clumps,2,5,"yellow, brown",6,,
186,"MJV9-16-BIO-VT-3,2-G9",3,237,35.236031,-115.801415,,,Sheila/Kevin,Sheila,"MJV9-16-BIO-VT-3,2-G9",Live Plant,,Beavertail cactus,Cactaceae,Opuntia basilaris,1,5,Beavertail cactus,6,,
187,"MJV9-16-BIO-VT-3,2-G10",3,238,35.236059,-115.801317,,,Sheila/Kevin,Sheila,"MJV9-16-BIO-VT-3,2-G10",Basalt,,Buckhorn cholla,Cactaceae,Cylindropuntia acanthocarpa,1,TMTC,Buckhorn cholla,6,,
188,"MJV9-16-BIO-VT-3,2-G10",3,238,35.236059,-115.801317,,,Sheila/Kevin,Sheila,"MJV9-16-BIO-VT-3,2-G10",Basalt,,Hedgehog cactus,Cactaceae,Echinocereus engelmannii,1,TMTC,Hedgehog cactus,6,,
189,"MJV9-16-BIO-VT-3,2-G10",3,238,35.236059,-115.801317,,,Sheila/Kevin,Sheila,"MJV9-16-BIO-VT-3,2-G10",Basalt,,Barrel cactus,Cactaceae,Ferocactus cylindraceus,1,TMTC,Barrel cactus,6,,
190,"MJV9-16-BIO-VT-3,2-G10",3,238,35.236059,-115.801317,,,Sheila/Kevin,Sheila,"MJV9-16-BIO-VT-3,2-G10",Basalt,,,Poaceae,FIne grass clumps,12,TMTC,"yellow, brown",6,,
191,"MJV9-16-BIO-VT-3,2-G10",3,238,35.236059,-115.801317,,,Sheila/Kevin,Sheila,"MJV9-16-BIO-VT-3,2-G10",Basalt,,,Poaceae,Wheat top grass clumps,TMTC,TMTC,"yellow, brown",6,,
192,"MJV9-16-BIO-VT-3,2-I1",3,239,35.236201,-115.80199,,,Sheila/Kevin,Sheila,"MJV9-16-BIO-VT-3,2-I1",Basalt,,Hedgehog cactus,Cactaceae,Echinocereus engelmannii,1,TMTC,Hedgehog cactus,17,,
193,"MJV9-16-BIO-VT-3,2-I1",3,239,35.236201,-115.80199,,,Sheila/Kevin,Sheila,"MJV9-16-BIO-VT-3,2-I1",Basalt,,Desert trumpet,Polygonaceae,Erigonium inflatum,4,TMTC,Desert trumpet,17,,
194,"MJV9-16-BIO-VT-3,2-I1",3,239,35.236201,-115.80199,,,Sheila/Kevin,Sheila,"MJV9-16-BIO-VT-3,2-I1",Basalt,,,Poaceae,FIne grass clumps,TMTC,TMTC,"yellow, brown",17,,
195,"MJV9-16-BIO-VT-3,2-I1",3,239,35.236201,-115.80199,,,Sheila/Kevin,Sheila,"MJV9-16-BIO-VT-3,2-I1",Basalt,,,Poaceae,Maroon/green fine grass,TMTC,TMTC,Possible Red Brome,17,,
196,"MJV9-16-BIO-VT-3,2-I1",3,239,35.236201,-115.80199,,,Sheila/Kevin,Sheila,"MJV9-16-BIO-VT-3,2-I1",Basalt,,Globe mallow,Malvaceae,Sphaeralcea ambigua,1,TMTC,Globemallow,17,,
197,"MJV9-16-BIO-VT-3,2-I1",3,239,35.236201,-115.80199,,,Sheila/Kevin,Sheila,"MJV9-16-BIO-VT-3,2-I1",Basalt,,,,Unknown shrub,1,TMTC,pic,17,,
198,"MJV9-16-BIO-VT-3,2-I1",3,239,35.236201,-115.80199,,,Sheila/Kevin,Sheila,"MJV9-16-BIO-VT-3,2-I1",Basalt,,,Poaceae,Wheat top grass clumps,TMTC,TMTC,"yellow, brown",17,,
199,"MJV9-16-BIO-VT-3,2-I2",3,240,35.236182,-115.802035,,,Sheila/Kevin,Sheila,"MJV9-16-BIO-VT-3,2-I2",Basalt,,Mormon tea,Ephedraceae,Ephedra viridis,1,TMTC,Morman tea,17,,
200,"MJV9-16-BIO-VT-3,2-I2",3,240,35.236182,-115.802035,,,Sheila/Kevin,Sheila,"MJV9-16-BIO-VT-3,2-I2",Basalt,,,Poaceae,FIne grass clumps,12,TMTC,"yellow, brown",17,,
201,"MJV9-16-BIO-VT-3,2-I2",3,240,35.236182,-115.802035,,,Sheila/Kevin,Sheila,"MJV9-16-BIO-VT-3,2-I2",Basalt,,Creosote bush,Zygophyllaceae,Larrea tridentada,1,TMTC,Creosote bush,17,,
202,"MJV9-16-BIO-VT-3,2-I2",3,240,35.236182,-115.802035,,,Sheila/Kevin,Sheila,"MJV9-16-BIO-VT-3,2-I2",Basalt,,,Poaceae,Maroon/green fine grass,TMTC,TMTC,Possible Red Brome,17,,
203,"MJV9-16-BIO-VT-3,2-I2",3,240,35.236182,-115.802035,,,Sheila/Kevin,Sheila,"MJV9-16-BIO-VT-3,2-I2",Basalt,,,Poaceae,Wheat top grass clumps,TMTC,TMTC,"yellow, brown",17,,
204,"MJV9-16-BIO-VT-3,2-I3",3,241,35.236162,-115.802094,,,Sheila/Kevin,Sheila,"MJV9-16-BIO-VT-3,2-I3",Sand,,Low woollygrass,Poaceae,Dasyochloa pulchella,5,TMTC,Low woollygrass,17,,
205,"MJV9-16-BIO-VT-3,2-I3",3,241,35.236162,-115.802094,,,Sheila/Kevin,Sheila,"MJV9-16-BIO-VT-3,2-I3",Sand,,Desert trumpet,Polygonaceae,Erigonium inflatum,4,TMTC,Desert trumpet,17,,
206,"MJV9-16-BIO-VT-3,2-I3",3,241,35.236162,-115.802094,,,Sheila/Kevin,Sheila,"MJV9-16-BIO-VT-3,2-I3",Sand,,,Poaceae,Maroon/green fine grass,TMTC,TMTC,Possible Red Brome,17,,
207,"MJV9-16-BIO-VT-3,2-I3",3,241,35.236162,-115.802094,,,Sheila/Kevin,Sheila,"MJV9-16-BIO-VT-3,2-I3",Sand,,Globe mallow,Malvaceae,Sphaeralcea ambigua,1,TMTC,Globemallow,17,,
208,"MJV9-16-BIO-VT-3,2-I3",3,241,35.236162,-115.802094,,,Sheila/Kevin,Sheila,"MJV9-16-BIO-VT-3,2-I3",Sand,,,Poaceae,Wheat top grass clumps,TMTC,TMTC,"yellow, brown",17,,
209,"MJV9-16-BIO-VT-3,2-I4",3,242,35.236165,-115.802236,,,Sheila/Kevin,Sheila,"MJV9-16-BIO-VT-3,2-I4",Basalt,,Mormon tea,Ephedraceae,Ephedra viridis,1,TMTC,Morman tea,17,,
210,"MJV9-16-BIO-VT-3,2-I4",3,242,35.236165,-115.802236,,,Sheila/Kevin,Sheila,"MJV9-16-BIO-VT-3,2-I4",Basalt,,Barrel cactus,Cactaceae,Ferocactus cylindraceus,1,TMTC,Barrel cactus,17,,
211,"MJV9-16-BIO-VT-3,2-I4",3,242,35.236165,-115.802236,,,Sheila/Kevin,Sheila,"MJV9-16-BIO-VT-3,2-I4",Basalt,,,,"Lichen - orange, lime, white",N/A,N/A,"lime gree, orange and white lichen",17,,
212,"MJV9-16-BIO-VT-3,2-I4",3,242,35.236165,-115.802236,,,Sheila/Kevin,Sheila,"MJV9-16-BIO-VT-3,2-I4",Basalt,,,Poaceae,Maroon/green fine grass,TMTC,TMTC,Possible Red Brome,17,,
213,"MJV9-16-BIO-VT-3,2-I4",3,242,35.236165,-115.802236,,,Sheila/Kevin,Sheila,"MJV9-16-BIO-VT-3,2-I4",Basalt,,Globe mallow,Malvaceae,Sphaeralcea ambigua,1,TMTC,Globemallow,17,,
214,"MJV9-16-BIO-VT-3,2-I4",3,242,35.236165,-115.802236,,,Sheila/Kevin,Sheila,"MJV9-16-BIO-VT-3,2-I4",Basalt,,,Poaceae,Spiky stalk grass,3,TMTC,"yellow, brown",17,,
215,"MJV9-16-BIO-VT-3,2-I4",3,242,35.236165,-115.802236,,,Sheila/Kevin,Sheila,"MJV9-16-BIO-VT-3,2-I4",Basalt,,,Poaceae,Wheat top grass clumps,TMTC,TMTC,"yellow, brown",17,,
216,"MJV9-16-BIO-VT-3,2-I5",3,243,35.236161,-115.802222,,,Sheila/Kevin,Sheila,"MJV9-16-BIO-VT-3,2-I5",Basalt,,California cholla,Cactaceae,Cylindropuntia californica,1,TMTC,California cholla,17,,
217,"MJV9-16-BIO-VT-3,2-I5",3,243,35.236161,-115.802222,,,Sheila/Kevin,Sheila,"MJV9-16-BIO-VT-3,2-I5",Basalt,,Mormon tea,Ephedraceae,Ephedra viridis,2,TMTC,Morman tea,17,,
218,"MJV9-16-BIO-VT-3,2-I5",3,243,35.236161,-115.802222,,,Sheila/Kevin,Sheila,"MJV9-16-BIO-VT-3,2-I5",Basalt,,Barrel cactus,Cactaceae,Ferocactus cylindraceus,1,TMTC,Barrel cactus,17,,
219,"MJV9-16-BIO-VT-3,2-I5",3,243,35.236161,-115.802222,,,Sheila/Kevin,Sheila,"MJV9-16-BIO-VT-3,2-I5",Basalt,,,Poaceae,Maroon/green fine grass,12,TMTC,Possible Red Brome,17,,
220,"MJV9-16-BIO-VT-3,2-I5",3,243,35.236161,-115.802222,,,Sheila/Kevin,Sheila,"MJV9-16-BIO-VT-3,2-I5",Basalt,,Globe mallow,Malvaceae,Sphaeralcea ambigua,1,TMTC,Globemallow,17,,
221,"MJV9-16-BIO-VT-3,2-I5",3,243,35.236161,-115.802222,,,Sheila/Kevin,Sheila,"MJV9-16-BIO-VT-3,2-I5",Basalt,,,Poaceae,Wheat top grass clumps,TMTC,TMTC,"yellow, brown",17,,
222,"MJV9-16-BIO-VT-3,2-I6",3,244,35.236116,-115.802328,,,Sheila/Kevin,Sheila,"MJV9-16-BIO-VT-3,2-I6",Live Plant,,White bursage,Asteraceae ,Ambrosia dumosa,2,TMTC,White bursage,17,,
223,"MJV9-16-BIO-VT-3,2-I6",3,244,35.236116,-115.802328,,,Sheila/Kevin,Sheila,"MJV9-16-BIO-VT-3,2-I6",Live Plant,,,Poaceae,Maroon/green fine grass,TMTC,TMTC,"yellow, brown",17,,
224,"MJV9-16-BIO-VT-3,2-I6",3,244,35.236116,-115.802328,,,Sheila/Kevin,Sheila,"MJV9-16-BIO-VT-3,2-I6",Live Plant,,,Poaceae,Wheat top grass clumps,TMTC,TMTC,"yellow, brown",17,,
225,"MJV9-16-BIO-VT-3,2-I7",3,245,35.236162,-115.802235,,,Sheila/Kevin,Sheila,"MJV9-16-BIO-VT-3,2-I7",Basalt,,Hedgehog cactus,Cactaceae,Echinocereus engelmannii,1,TMTC,Hedgehog cactus,17,,
226,"MJV9-16-BIO-VT-3,2-I7",3,245,35.236162,-115.802235,,,Sheila/Kevin,Sheila,"MJV9-16-BIO-VT-3,2-I7",Basalt,,Mormon tea,Ephedraceae,Ephedra viridis,1,TMTC,Morman tea,17,,
227,"MJV9-16-BIO-VT-3,2-I7",3,245,35.236162,-115.802235,,,Sheila/Kevin,Sheila,"MJV9-16-BIO-VT-3,2-I7",Basalt,,Desert trumpet,Polygonaceae,Erigonium inflatum,2,TMTC,Desert trumpet,17,,
228,"MJV9-16-BIO-VT-3,2-I7",3,245,35.236162,-115.802235,,,Sheila/Kevin,Sheila,"MJV9-16-BIO-VT-3,2-I7",Basalt,,,Poaceae,FIne grass clumps,TMTC,TMTC,"yellow, brown",17,,
229,"MJV9-16-BIO-VT-3,2-I7",3,245,35.236162,-115.802235,,,Sheila/Kevin,Sheila,"MJV9-16-BIO-VT-3,2-I7",Basalt,,Globe mallow,Malvaceae,Sphaeralcea ambigua,2,TMTC,Globemallow,17,,
230,"MJV9-16-BIO-VT-3,2-I7",3,245,35.236162,-115.802235,,,Sheila/Kevin,Sheila,"MJV9-16-BIO-VT-3,2-I7",Basalt,,,Poaceae,Wheat top grass clumps,TMTC,TMTC,"yellow, brown",17,,
231,"MJV9-16-BIO-VT-3,2-I8",3,246,35.236191,-115.802075,,,Sheila/Kevin,Sheila,"MJV9-16-BIO-VT-3,2-I8",Basalt,,,Poaceae,Maroon/green fine grass,TMTC,TMTC,Possible Red Brome,17,,
232,"MJV9-16-BIO-VT-3,2-I8",3,246,35.236191,-115.802075,,,Sheila/Kevin,Sheila,"MJV9-16-BIO-VT-3,2-I8",Basalt,,Globe mallow,Malvaceae,Sphaeralcea ambigua,2,TMTC,Globemallow,17,,
233,"MJV9-16-BIO-VT-3,2-I8",3,246,35.236191,-115.802075,,,Sheila/Kevin,Sheila,"MJV9-16-BIO-VT-3,2-I8",Basalt,,,,"Unknown dead ""neuron"" top",1,TMTC,pic,17,,
234,"MJV9-16-BIO-VT-3,2-I8",3,246,35.236191,-115.802075,,,Sheila/Kevin,Sheila,"MJV9-16-BIO-VT-3,2-I8",Basalt,,,Poaceae,Wheat top grass clumps,TMTC,TMTC,"yellow, brown",17,,
235,"MJV9-16-BIO-VT-3,2-I8",3,246,35.236191,-115.802075,,,Sheila/Kevin,Sheila,"MJV9-16-BIO-VT-3,2-I8",Basalt,,Mojave yucca,Agavaceae,Yucca schidigera,1,TMTC,Mojave yucca,17,,
236,"MJV9-16-BIO-VT-3,2-I9",3,247,35.236208,-115.802012,,,Sheila/Kevin,Sheila,"MJV9-16-BIO-VT-3,2-I9",Live Plant,,Brittlebush,Asteraceae ,Encelia farinosa,1,TMTC,Brittlebush,17,,
237,"MJV9-16-BIO-VT-3,2-I9",3,247,35.236208,-115.802012,,,Sheila/Kevin,Sheila,"MJV9-16-BIO-VT-3,2-I9",Live Plant,,Mormon tea,Ephedraceae,Ephedra viridis,1,TMTC,Morman tea,17,,
238,"MJV9-16-BIO-VT-3,2-I9",3,247,35.236208,-115.802012,,,Sheila/Kevin,Sheila,"MJV9-16-BIO-VT-3,2-I9",Live Plant,,Desert trumpet,Polygonaceae,Erigonium inflatum,1,TMTC,Desert trumpet,17,,
239,"MJV9-16-BIO-VT-3,2-I9",3,247,35.236208,-115.802012,,,Sheila/Kevin,Sheila,"MJV9-16-BIO-VT-3,2-I9",Live Plant,,,Poaceae,FIne grass clumps,4,TMTC,"yellow, brown",17,,
240,"MJV9-16-BIO-VT-3,2-I9",3,247,35.236208,-115.802012,,,Sheila/Kevin,Sheila,"MJV9-16-BIO-VT-3,2-I9",Live Plant,,Creosote bush,Zygophyllaceae,Larrea tridentada,1,TMTC,Creosote bush,17,,
241,"MJV9-16-BIO-VT-3,2-I9",3,247,35.236208,-115.802012,,,Sheila/Kevin,Sheila,"MJV9-16-BIO-VT-3,2-I9",Live Plant,,,Poaceae,Maroon/green fine grass,12,TMTC,Possible Red Brome,17,,
242,"MJV9-16-BIO-VT-3,2-I9",3,247,35.236208,-115.802012,,,Sheila/Kevin,Sheila,"MJV9-16-BIO-VT-3,2-I9",Live Plant,,,,Unknown bush,1,TMTC,see pic,17,,
243,"MJV9-16-BIO-VT-3,2-I9",3,247,35.236208,-115.802012,,,Sheila/Kevin,Sheila,"MJV9-16-BIO-VT-3,2-I9",Live Plant,,,Poaceae,Wheat top grass clumps,TMTC,TMTC,"yellow, brown",17,,